Page,Row,Line,NO.,Category,Level,City,Height,Chest,Waist,Hips,Suit,Shoes,Skin,Eyes,Hair,advertisement,popularity
99,1,1,B219552,外籍模特,,广州,177,84,59,88,,39,黄色,绿色,長发,,
99,1,2,B219553,外籍模特,,广州,178,88,63,91,,40,黄色,褐色,長发,,
99,1,3,B219554,外籍模特,,广州,185,97,77,96,,43,黄色,褐色,短发,,
99,1,4,B219555,外籍模特,,广州,184,94,75,94,,42,黄色,蓝色,短发,,
99,2,1,B219556,外籍模特,,广州,188,94,78,93,,44,黄色,蓝色,短发,,
99,2,2,B219557,外籍模特,,广州,183,97,80,95,,43,黄色,棕色,短发,,
99,3,3,B220662,外籍模特,,广州,173,80,60,88,,39,黄色,蓝色,長发,,
99,3,4,B220663,外籍模特,,广州,173,80,60,88,,39,黄色,蓝色,長发,,
99,4,1,B220664,外籍模特,,广州,173,80,60,88,,39,黄色,绿色,長发,,
99,4,2,B220665,外籍模特,,广州,185,96,78,95,,44,黄色,绿色,短发,,
99,4,3,B220666,外籍模特,,广州,188,95,74,95,,44,黄色,蓝色,短发,,
99,4,4,B220667,外籍模特,,广州,187,92,71,91,,44,黄色,绿色,短发,,
99,5,1,B220668,外籍模特,,广州,175,90,60,90,,39,黄色,绿色,長发,,
99,5,2,B220669,外籍模特,,广州,176,84,61,90,,38,黄色,蓝色,長发,,
99,5,3,B220670,外籍模特,,广州,173,81,58,88,,38,黄色,棕色,長发,,
99,5,4,B220671,外籍模特,,广州,174,85,62,88,,39,黄色,棕色,曲发,,
100,1,1,B220672,外籍模特,,广州,175,84,60,84,,39,黄色,绿色,長发,,
100,1,2,B220673,外籍模特,,广州,172,82,60,88,,38,黄色,棕色,長发,,
100,1,3,B220674,外籍模特,,广州,188,94,70,95,,44,黄色,蓝色,長发,,
100,1,4,B220675,外籍模特,,广州,189,93,72,90,,44,黄色,绿色,短发,,
100,2,1,B220676,外籍模特,,广州,188,96,75,94,,44,黄色,绿色,短发,,
100,2,2,B220677,外籍模特,,广州,187,96,79,99,,44,黄色,蓝色,短发,,
100,2,3,B220678,外籍模特,,广州,185,93,70,93,,43,黄色,棕色,短发,,
100,2,4,B220679,外籍模特,,广州,189,88,70,92,,44,黄色,蓝色,短发,,
100,3,1,B220680,外籍模特,,广州,185,96,78,91,,44,黄色,蓝色,短发,,
100,5,3,J1017968,外籍模特,,广州,171,82,59,88,,39,黄色,蓝色,長发,,
101,1,1,J1017981,外籍模特,,广州,167,84,61,85,,38,黄色,黑色,長发,,
101,1,2,J1017982,外籍模特,,广州,168,83,61,83,,38,黄色,黑色,長发,,
101,1,3,J1017983,外籍模特,,广州,170,84,61,84,,38,黄色,黑色,長发,,
101,1,4,J1017985,外籍模特,,广州,165,83,60,83,,38,黄色,黑色,長发,,
101,2,1,J1017986,外籍模特,,广州,168,82,61,83,,38,黄色,黑色,長发,,
101,2,2,J1017987,外籍模特,,广州,165,84,60,83,,38,黄色,黑色,長发,,
101,2,3,J1017988,外籍模特,,广州,168,84,61,83,,38,黄色,黑色,長发,,
101,2,4,J1017989,外籍模特,,广州,167,82,60,83,,38,黄色,黑色,長发,,
101,3,1,J1017990,外籍模特,,广州,170,84,61,85,,38,黄色,黑色,長发,,
101,3,2,J1017991,外籍模特,,广州,174,85,61,86,,38,黄色,黑色,長发,,
101,3,3,J1017992,外籍模特,,广州,160,82,60,83,,38,黄色,黑色,長发,,
101,3,4,J1017993,外籍模特,,广州,171,85,61,84,,38,黄色,黑色,長发,,
101,4,1,J1017994,外籍模特,,广州,165,83,61,82,,38,黄色,黑色,長发,,
101,4,2,J1017995,外籍模特,,广州,167,84,62,83,,38,黄色,黑色,長发,,
101,4,3,J1017996,外籍模特,,广州,167,83,61,83,,38,黄色,黑色,長发,,
101,4,4,J1017997,外籍模特,,广州,163,82,60,83,,44,黄色,黑色,長发,,
101,5,1,J1017998,外籍模特,,广州,163,82,61,82,,38,黄色,黑色,長发,,
101,5,2,J1017999,外籍模特,,广州,168,84,62,83,,38,黄色,黑色,長发,,
101,5,3,J1018000,外籍模特,,广州,168,84,62,83,,38,黄色,黑色,長发,,
101,5,4,J1018001,外籍模特,,广州,166,83,61,84,,38,黄色,黑色,長发,,
102,1,1,J1018002,外籍模特,,广州,168,83,61,84,,38,黄色,黑色,長发,,
102,1,2,J1018003,外籍模特,,广州,164,82,61,83,,38,黄色,黑色,長发,,
102,1,3,J1018004,外籍模特,,广州,164,84,61,83,,38,黄色,黑色,長发,,
102,1,4,J1018005,外籍模特,,广州,170,85,61,85,,38,黄色,黑色,長发,,
102,2,1,J1018006,外籍模特,,广州,169,84,61,85,,38,黄色,黑色,長发,,
102,2,2,J1018007,外籍模特,,广州,172,85,61,86,,38,黄色,黑色,長发,,
102,2,3,J1018008,外籍模特,,广州,163,82,60,82,,38,黄色,黑色,長发,,
102,2,4,J1018009,外籍模特,,广州,164,84,61,83,,38,黄色,黑色,長发,,
102,3,1,J1018010,外籍模特,,广州,172,85,61,86,,38,黄色,黑色,長发,,
102,3,2,J1018011,外籍模特,,广州,170,84,62,85,,38,黄色,黑色,長发,,
102,3,3,J1018012,外籍模特,,广州,163,83,60,83,,38,黄色,黑色,長发,,
102,3,4,J1018013,外籍模特,,广州,168,84,62,85,,38,黄色,黑色,長发,,
102,4,1,J1018014,外籍模特,,广州,163,82,60,83,,38,黄色,黑色,長发,,
102,4,3,J1018020,外籍模特,,广州,171,85,61,83,,37,黄色,黑色,長发,,
102,4,4,J1018021,外籍模特,,广州,166,83,60,82,,38,黄色,黑色,長发,,
102,5,1,J1018022,外籍模特,,广州,161,83,60,84,,37,黄色,黑色,長发,,
102,5,2,J1018023,外籍模特,,广州,164,82,61,83,,37,黄色,黑色,長发,,
102,5,3,J1018024,外籍模特,,广州,162,83,60,83,,37,黄色,黑色,長发,,
102,5,4,J1018026,外籍模特,,广州,166,83,61,84,,37,黄色,黑色,長发,,
103,1,1,J1018027,外籍模特,,广州,168,83,60,84,,38,黄色,黑色,長发,,
103,1,2,J1018028,外籍模特,,广州,167,83,60,84,,37,黄色,黑色,長发,,
103,1,3,J1018029,外籍模特,,广州,175,85,60,84,,38,黄色,黑色,長发,,
103,1,4,J1018030,外籍模特,,广州,169,84,61,85,,37,黄色,黑色,長发,,
103,2,1,J1018031,外籍模特,,广州,168,84,60,83,,38,黄色,黑色,長发,,
103,2,2,J1018032,外籍模特,,广州,170,84,61,85,,38,黄色,黑色,長发,,
103,2,3,J1018033,外籍模特,,广州,164,82,60,83,,37,黄色,黑色,長发,,
103,2,4,J1018034,外籍模特,,广州,169,85,61,85,,37,黄色,黑色,長发,,
103,3,1,J1018035,外籍模特,,广州,168,82,60,83,,37,黄色,黑色,長发,,
103,3,2,J1018036,外籍模特,,广州,167,83,60,84,,37,黄色,黑色,長发,,
103,3,3,J1018037,外籍模特,,广州,170,84,61,85,,38,黄色,黑色,長发,,
103,3,4,J1018038,外籍模特,,广州,172,85,61,84,,38,黄色,黑色,長发,,
103,4,1,J1018039,外籍模特,,广州,170,84,60,83,,37,黄色,黑色,長发,,
103,4,2,J1018040,外籍模特,,广州,166,83,60,84,,38,黄色,黑色,長发,,
103,4,3,J1018041,外籍模特,,广州,164,83,61,83,,37,黄色,黑色,長发,,
103,4,4,J1018042,外籍模特,,广州,166,82,60,83,,37,黄色,黑色,長发,,
103,5,1,J1018043,外籍模特,,广州,164,81,62,83,,38,黄色,黑色,長发,,
103,5,2,J1018044,外籍模特,,广州,165,82,60,83,,37,黄色,黑色,長发,,
103,5,3,J1018045,外籍模特,,广州,167,83,61,84,,38,黄色,黑色,長发,,
103,5,4,J1018046,外籍模特,,广州,169,84,61,83,,38,黄色,黑色,長发,,
104,1,1,J1018047,外籍模特,,广州,166,82,63,84,,38,黄色,黑色,長发,,
104,1,2,J1018048,外籍模特,,广州,170,84,63,85,,38,黄色,黑色,長发,,
104,1,3,J1018049,外籍模特,,广州,163,83,60,82,,38,黄色,黑色,長发,,
104,1,4,J1018050,外籍模特,,广州,172,84,62,85,,38,黄色,黑色,長发,,
104,2,1,J1018051,外籍模特,,广州,168,82,60,82,,38,黄色,黑色,長发,,
104,2,2,J1018052,外籍模特,,广州,164,83,60,85,,37,黄色,黑色,長发,,
104,2,3,J1018053,外籍模特,,广州,167,84,61,83,,38,黄色,黑色,長发,,
104,2,4,J1018054,外籍模特,,广州,163,82,61,83,,37,黄色,黑色,長发,,
104,3,1,J1018055,外籍模特,,广州,166,83,63,85,,37,黄色,黑色,長发,,
104,3,2,J1018056,外籍模特,,广州,178,85,60,84,,38,黄色,黑色,長发,,
104,3,3,J1018057,外籍模特,,广州,179,85,60,84,,38,黄色,黑色,長发,,
104,3,4,J1018058,外籍模特,,广州,163,82,60,83,,37,黄色,黑色,長发,,
104,4,1,J1018059,外籍模特,,广州,173,83,61,82,,38,黄色,黑色,長发,,
104,4,2,J1018060,外籍模特,,广州,162,82,61,83,,37,黄色,黑色,長发,,
104,4,3,J1018061,外籍模特,,广州,168,84,60,83,,37,黄色,黑色,長发,,
104,4,4,J1018063,外籍模特,,广州,170,84,63,82,,38,黄色,黑色,長发,,
104,5,1,J1018064,外籍模特,,广州,172,84,60,82,,37,黄色,黑色,長发,,
104,5,2,J1018065,外籍模特,,北京,170,84,61,85,,38,黄色,黑色,長发,,
104,5,3,J1018066,外籍模特,,广州,174,85,62,84,,38,黄色,黑色,長发,,
106,1,1,J1018438,外籍模特,,北京,177,85,60,88,,39,黄色,棕色,長发,,
106,1,2,J1018439,外籍模特,,北京,178,85,60,93,,39,黄色,绿色,長发,,
106,1,3,J1018441,外籍模特,,北京,175,86,60,90,,39,黄色,棕色,長发,,
106,1,4,J1018444,外籍模特,,北京,170,85,60,89,,39,黄色,绿色,長发,,
106,2,1,J1018445,外籍模特,,北京,174,83,60,89,,39,黄色,棕色,長发,,
106,2,2,J1018446,外籍模特,,北京,177,87,61,90,,40,黄色,绿色,長发,,
106,2,3,J1018447,外籍模特,,北京,180,90,60,93,,40,黄色,绿色,長发,,
106,2,4,J1018448,外籍模特,,北京,176,86,61,91,,37,黄色,绿色,長发,,
106,3,1,J1018449,外籍模特,,北京,170,83,60,88,,37,黄色,绿色,長发,,
106,3,2,J1018451,外籍模特,,北京,179,81,60,87,,40,黄色,棕色,長发,,
106,3,3,J1018452,外籍模特,,北京,186,98,79,97,,42,黄色,棕色,長发,,
106,3,4,J1018453,外籍模特,,北京,184,100,81,97,,43,黄色,绿色,長发,,
106,4,1,J1018456,外籍模特,,北京,190,107,75,95,,44,黄色,棕色,長发,,
106,4,2,J1018457,外籍模特,,北京,185,94,82,92,,43,黄色,棕色,長发,,
106,4,3,J1018459,外籍模特,,北京,187,100,78,94,,44,黄色,棕色,長发,,
106,4,4,J1018460,外籍模特,,北京,184,99,81,96,,44,黄色,蓝色,長发,,
107,3,2,J1018514,外籍模特,,广州,178,85,60,90,,40,黄色,棕色,長发,,
107,3,3,J1018515,外籍模特,,广州,187,93,86,96,,44,黄色,褐色,短发,,
107,3,4,J1018516,外籍模特,,广州,177,84,58,88,,39,黄色,棕色,長发,,
107,4,1,J1018517,外籍模特,,广州,177,84,58,88,,39,黄色,棕色,長发,,
107,4,2,J1018518,外籍模特,,广州,185,98,78,95,,43,黄色,绿色,長发,,
107,4,3,J1018520,外籍模特,,广州,175,82,59,89,,39,黄色,棕色,長发,,
108,3,4,J1017262,外籍模特,,广州,178,83,60,90,,39,黄色,蓝色,長发,,
108,4,1,J1017263,外籍模特,,广州,174,84,60,89,,38,黄色,棕色,長发,,
108,4,2,J1017264,外籍模特,,广州,177,85,64,93,,39,黄色,棕色,長发,,
108,4,3,J1017265,外籍模特,,广州,175,85,59,90,,39,黄色,蓝色,長发,,
108,4,4,J1017266,外籍模特,,广州,176,84,60,88,,38,黄色,蓝色,長发,,
108,5,1,J1017268,外籍模特,,广州,188,96,80,95,,43,黄色,蓝色,長发,,
108,5,2,J1017269,外籍模特,,广州,175,86,60,88,,39,黄色,绿色,長发,,
108,5,3,J1017270,外籍模特,,广州,175,89,61,89,,37,黄色,蓝色,長发,,
108,5,4,J1017271,外籍模特,,广州,177,85,60,90,,39,黄色,绿色,長发,,
109,1,1,J1017272,外籍模特,,广州,175,86,61,90,,37,黄色,绿色,長发,,
109,1,2,J1017273,外籍模特,,广州,175,81,58,88,,37,黄色,绿色,長发,,
109,1,4,J1017283,外籍模特,,广州,175,86,60,87,,37,黄色,绿色,長发,,
109,2,1,J1017284,外籍模特,,广州,176,83,60,89,,38,黄色,棕色,長发,,
109,2,2,J1017285,外籍模特,,广州,174,88,61,89,,39,黄色,棕色,長发,,
109,2,3,J1017286,外籍模特,,广州,176,87,60,90,,37,黄色,棕色,長发,,
109,2,4,J1017287,外籍模特,,广州,176,85,60,90,,39,黄色,蓝色,長发,,
109,3,1,J1017288,外籍模特,,广州,177,85,59,90,,39,黄色,棕色,長发,,
109,3,2,J1017289,外籍模特,,广州,173,83,60,91,,39,黄色,蓝色,長发,,
109,3,3,J1017290,外籍模特,,广州,174,85,61,92,,38,黄色,棕色,長发,,
109,3,4,J1017291,外籍模特,,广州,174,84,60,87,,39,黄色,棕色,長发,,
109,4,1,J1017295,外籍模特,,广州,185,104,78,96,,42,黄色,棕色,長发,,
109,4,2,J1017296,外籍模特,,广州,183,92,74,90,,43,黄色,绿色,長发,,
109,4,3,J1017297,外籍模特,,广州,186,98,79,97,,42,黄色,棕色,長发,,
109,4,4,J1017298,外籍模特,,广州,185,97,74,94,,42,黄色,黑色,長发,,
109,5,1,J1017301,外籍模特,,广州,186,98,76,96,,42,黄色,棕色,長发,,
109,5,2,J1017302,外籍模特,,广州,174,84,62,88,,39,黄色,蓝色,長发,,
109,5,3,J1017303,外籍模特,,广州,174,86,60,89,,39,黄色,棕色,長发,,
109,5,4,J1017304,外籍模特,,广州,174,85,61,89,,39,黄色,绿色,長发,,
110,1,1,J1017305,外籍模特,,广州,176,82,62,89,,39,黄色,黑色,長发,,
110,1,2,J1017306,外籍模特,,广州,185,98,78,96,,43,黄色,棕色,長发,,
110,1,3,J1017307,外籍模特,,广州,187,101,78,98,,43,黄色,棕色,長发,,
110,1,4,J1017308,外籍模特,,广州,176,84,62,88,,39,黄色,绿色,長发,,
110,2,1,J1017309,外籍模特,,广州,177,83,60,90,,40,黄色,棕色,長发,,
110,2,2,J1017310,外籍模特,,广州,175,80,60,88,,39,黄色,棕色,長发,,
110,2,3,J1017311,外籍模特,,广州,176,80,59,90,,39,黄色,蓝色,長发,,
110,2,4,J1017312,外籍模特,,广州,177,84,57,88,,39,黄色,蓝色,長发,,
110,3,1,J1017313,外籍模特,,广州,177,84,59,88,,39,黄色,黑色,長发,,
110,3,3,J1017378,外籍模特,,广州,178,84,63,90,,39,黄色,棕色,長发,,
111,1,2,J1017322,外籍模特,,广州,175,83,60,90,,39,黄色,浅啡,長发,,
111,1,3,J1017323,外籍模特,,广州,175,82,60,90,,39,黄色,棕色,長发,,
111,1,4,J1017324,外籍模特,,广州,176,80,59,89,,39,黄色,绿色,長发,,
111,2,1,J1017326,外籍模特,,广州,172,83,61,88,,38,黄色,棕色,長发,,
111,2,3,B219559,外籍模特,,广州,188,96,77,95,,44,黄色,绿色,短发,,
111,2,4,B219560,外籍模特,,广州,175,82,60,88,,39,黄色,蓝色,長发,,
111,3,1,B219561,外籍模特,,广州,176,81,58,86,,39,黄色,蓝色,長发,,
111,3,2,B219562,外籍模特,,广州,179,82,60,88,,39,黄色,蓝色,長发,,
111,3,3,B219563,外籍模特,,广州,173,79,58,87,,38,黄色,蓝色,長发,,
111,3,4,B219564,外籍模特,,广州,172,78,59,87,,38,黄色,蓝色,長发,,
111,4,1,B219565,外籍模特,,广州,178,86,61,91,,41,黄色,蓝色,長发,,
111,4,3,B219567,外籍模特,,广州,175,83,59,88,,39,黄色,蓝色,長发,,
111,4,4,B219568,外籍模特,,广州,178,78,60,91,,40,黄色,棕色,長发,,
111,5,1,B219569,外籍模特,,广州,175,85,59,89,,39,黄色,蓝色,長发,,
111,5,2,B219570,外籍模特,,广州,176,82,59,88,,38,黄色,棕色,長发,,
111,5,3,B219571,外籍模特,,广州,178,89,61,90,,39,黄色,绿色,長发,,
111,5,4,B219572,外籍模特,,广州,186,94,73,91,,43,黄色,绿色,長发,,
112,1,1,B219574,外籍模特,,广州,188,94,67,90,,44,黄色,绿色,長发,,
112,1,2,B219575,外籍模特,,广州,188,94,72,92,,43,黄色,棕色,長发,,
112,1,3,B219576,外籍模特,,广州,188,83,70,99,,44,黄色,蓝色,長发,,
112,1,4,B219577,外籍模特,,广州,190,96,71,91,,44,黄色,蓝色,長发,,
112,2,1,B219578,外籍模特,,广州,178,85,60,90,,39,黄色,绿色,長发,,
112,2,2,B219579,外籍模特,,广州,175,82,62,91,,39,黄色,棕色,長发,,
112,2,3,B219580,外籍模特,,广州,176,85,60,90,,39,黄色,绿色,長发,,
112,2,4,B219581,外籍模特,,广州,189,89,80,94,,45,黄色,棕色,短发,,
112,3,1,B219582,外籍模特,,广州,189,98,80,94,,45,黄色,棕色,短发,,
112,3,2,B219583,外籍模特,,广州,186,100,76,94,,43,黄色,棕色,短发,,
112,3,3,B219584,外籍模特,,广州,187,97,76,94,,43,黄色,棕色,短发,,
112,3,4,B219585,外籍模特,,广州,183,98,78,98,,43,黄色,棕色,短发,,
112,4,1,B219586,外籍模特,,广州,175,80,60,89,,39,黄色,绿色,長发,,
112,4,2,B219587,外籍模特,,广州,173,83,60,90,,38,黄色,绿色,長发,,
112,4,3,B219588,外籍模特,,广州,177,85,60,90,,38,黄色,绿色,長发,,
112,4,4,B219589,外籍模特,,广州,176,80,60,90,,38,黄色,棕色,長发,,
112,5,1,B219590,外籍模特,,广州,174,86,60,90,,39,黄色,绿色,長发,,
112,5,2,B219591,外籍模特,,广州,175,83,59,88,,39,黄色,棕色,長发,,
112,5,3,B219592,外籍模特,,广州,173,82,59,88,,38,黄色,棕色,長发,,
112,5,4,B219593,外籍模特,,广州,173,83,60,89,,38,黄色,绿色,長发,,
113,1,1,B219594,外籍模特,,广州,188,106,60,100,,44,黄色,棕色,長发,,
113,1,2,B219595,外籍模特,,广州,173,83,61,88,,38,黄色,蓝色,長发,,
113,1,3,B219596,外籍模特,,广州,176,85,61,89,,39,黄色,棕色,長发,,
113,1,4,B219597,外籍模特,,广州,171,85,58,87,,38,黄色,棕色,長发,,
113,2,1,B219598,外籍模特,,广州,175,90,62,89,,39,黄色,棕色,長发,,
113,2,2,B219599,外籍模特,,广州,175,84,60,88,,38,黄色,棕色,長发,,
113,2,3,B219600,外籍模特,,广州,174,80,59,88,,38,黄色,棕色,長发,,
113,2,4,B219601,外籍模特,,广州,174,79,60,88,,39,黄色,绿色,長发,,
113,3,1,B219602,外籍模特,,广州,175,83,59,88,,39,黄色,灰色,長发,,
113,3,2,B219603,外籍模特,,广州,176,83,60,89,,38,黄色,棕色,長发,,
113,3,3,B219607,外籍模特,,广州,186,98,78,96,,43,黄色,棕色,長发,,
113,3,4,B219608,外籍模特,,广州,186,98,78,96,,44,黄色,棕色,長发,,
113,4,1,B219609,外籍模特,,广州,188,98,78,98,,44,黄色,棕色,長发,,
113,4,2,B219610,外籍模特,,广州,185,98,78,95,,43,黄色,蓝色,長发,,
113,4,3,B219611,外籍模特,,广州,186,96,79,93,,43,黄色,蓝色,長发,,
113,4,4,B219612,外籍模特,,广州,176,84,57,88,,39,黄色,绿色,長发,,
113,5,1,B219613,外籍模特,,广州,173,80,59,88,,37,黄色,棕色,長发,,
113,5,2,B219614,外籍模特,,广州,173,83,60,90,,38,黄色,绿色,長发,,
113,5,3,B219615,外籍模特,,广州,173,83,60,90,,38,黄色,绿色,長发,,
113,5,4,B219616,外籍模特,,上海,173,82,60,89,,39,黄色,蓝色,長发,,
114,1,1,B219617,外籍模特,,广州,177,85,60,90,,39,黄色,绿色,長发,,
114,1,2,B219618,外籍模特,,广州,177,83,61,90,,40,黄色,棕色,長发,,
114,2,4,B219443,外籍模特,,广州,177,84,59,88,,39,黄色,绿色,長发,,
114,3,1,B219444,外籍模特,,广州,175,86,60,90,,40,黄色,褐色,長发,,
114,3,2,B219445,外籍模特,,广州,175,84,59,87,,38,黄色,棕色,長发,,
114,3,3,B219446,外籍模特,,广州,178,88,63,91,,40,黄色,褐色,長发,,
114,3,4,B219447,外籍模特,,广州,174,80,59,87,,38,黄色,褐色,長发,,
114,4,1,B219448,外籍模特,,广州,170,85,60,87,,37,黄色,绿色,長发,,
114,4,2,B219449,外籍模特,,广州,177,82,60,88,,39,黄色,蓝色,長发,,
114,4,3,B219450,外籍模特,,广州,173,93,58,89,,39,黄色,棕色,長发,,
114,4,4,B219451,外籍模特,,广州,174,85,59,89,,38,黄色,棕色,長发,,
114,5,2,B219453,外籍模特,,广州,185,97,77,96,,43,黄色,褐色,短发,,
114,5,3,B219454,外籍模特,,广州,184,94,75,94,,42,黄色,蓝色,曲发,,
114,5,4,B219455,外籍模特,,广州,188,94,78,93,,44,黄色,蓝色,短发,,
115,1,1,B219456,外籍模特,,广州,183,97,80,95,,43,黄色,棕色,短发,,
115,1,2,B219458,外籍模特,,广州,184,98,79,94,,42,黄色,蓝色,短发,,
115,1,3,B219459,外籍模特,,广州,170,86,60,90,,38,黄色,褐色,長发,,
115,1,4,B219460,外籍模特,,广州,172,86,62,89,,37,黄色,褐色,長发,,
115,2,1,B219461,外籍模特,,广州,175,83,62,89,,39,黄色,棕色,長发,,
115,2,2,B219462,外籍模特,,广州,175,84,62,89,,39,黄色,棕色,長发,,
115,2,3,B219463,外籍模特,,广州,176,82,61,89,,40,黄色,棕色,長发,,
115,4,1,J1017501,外籍模特,,广州,176,78,58,89,,39,黄色,绿色,長发,,
115,4,3,B219945,外籍模特,,广州,173,86,61,88,,38,黄色,灰色,長发,,
115,4,4,B219946,外籍模特,,广州,178,79,60,88,,39,黄色,褐色,長发,,
115,5,1,B219947,外籍模特,,广州,175,83,60,90,,39,黄色,灰色,長发,,
115,5,2,B219948,外籍模特,,广州,175,83,59,88,,39,黄色,蓝色,長发,,
115,5,3,B219949,外籍模特,,广州,172,81,60,88,,39,黄色,褐色,長发,,
115,5,4,B219950,外籍模特,,广州,172,80,60,88,,39,黄色,棕色,長发,,
116,1,1,B219951,外籍模特,,广州,178,84,60,90,,39,黄色,灰色,長发,,
116,1,2,B219952,外籍模特,,广州,176,80,60,90,,39,黄色,灰色,長发,,
116,1,3,B219953,外籍模特,,广州,174,82,60,88,,40,黄色,蓝色,長发,,
116,1,4,B219954,外籍模特,,广州,174,80,60,89,,39,黄色,蓝色,長发,,
116,2,1,B219955,外籍模特,,广州,175,80,60,88,,39,黄色,棕色,長发,,
116,2,3,B219957,外籍模特,,广州,188,97,83,96,,44,黄色,棕色,長发,,
116,2,4,B219958,外籍模特,,广州,187,94,76,93,,44,黄色,棕色,長发,,
116,3,1,B219959,外籍模特,,广州,186,97,78,97,,44,黄色,蓝色,長发,,
116,3,2,B219960,外籍模特,,广州,174,82,60,88,,40,黄色,蓝色,長发,,
116,3,3,B219961,外籍模特,,广州,188,97,83,96,,44,黄色,棕色,長发,,
116,4,2,B219964,外籍模特,,广州,175,79,60,89,,38,黄色,棕色,長发,,
116,4,4,B219966,外籍模特,,广州,178,79,60,88,,39,黄色,褐色,長发,,
116,5,1,B219967,外籍模特,,广州,178,86,61,90,,39,黄色,棕色,長发,,
116,5,2,B219968,外籍模特,,广州,177,79,60,90,,39,黄色,褐色,長发,,
116,5,3,B219969,外籍模特,,广州,177,79,60,90,,39,黄色,褐色,長发,,
116,5,4,B219970,外籍模特,,广州,173,79,59,88,,38,黄色,蓝色,長发,,
117,1,1,B219971,外籍模特,,广州,173,79,59,88,,38,黄色,蓝色,長发,,
117,1,2,B219972,外籍模特,,广州,172,83,60,89,,39,黄色,棕色,長发,,
117,1,3,B219973,外籍模特,,广州,176,78,60,90,,38,黄色,绿色,長发,,
117,1,4,B219974,外籍模特,,广州,177,77,60,89,,39,黄色,蓝色,長发,,
117,2,4,B219793,外籍模特,,美国,163,82,64,87,,35,黄色,黑色,長发,,
117,3,1,B219794,外籍模特,,美国,160,79,60,86,,35,黄色,黑色,長发,,
117,3,2,B219795,外籍模特,,美国,162,82,62,87,,36,黄色,黑色,長发,,
117,3,3,B219796,外籍模特,,美国,168,80,61,80,,39,黄色,黑色,中发,,
117,3,4,B219797,外籍模特,,美国,,82,64,87,,36,黄色,黑色,長发,,
117,4,1,B219798,外籍模特,,美国,165,82,62,86,,36,黄色,黑色,長发,,
117,4,2,B219799,外籍模特,,美国,166,83,64,87,,36,黄色,黑色,長发,,
117,4,3,B219808,外籍模特,,美国,164,88,67,91,,35,黄色,黑色,長发,,
117,4,4,B219809,外籍模特,,美国,164,82,58,88,,38,黄色,黑色,中发,,
117,5,1,B219810,外籍模特,,美国,170,80,58,83,,37,黄色,黑色,長发,,
117,5,2,B219811,外籍模特,,美国,167,81,62,88,,38,黄色,黑色,長发,,
117,5,3,B219812,外籍模特,,美国,168,80,65,88,,38,黄色,黑色,長发,,
117,5,4,B219813,外籍模特,,美国,167,82,59,84,,38,黄色,黑色,長发,,
118,1,1,B219814,外籍模特,,美国,162,80,61,82,,36,黄色,黑色,長发,,
118,1,2,B219815,外籍模特,,美国,165,80,71,86,,36,黄色,黑色,中发,,
118,1,3,B219816,外籍模特,,美国,168,88,63,89,,38,黄色,黑色,長发,,
118,1,4,B219817,外籍模特,,美国,167,78,58,88,,38,黄色,黑色,長发,,
118,2,1,B219818,外籍模特,,美国,168,82,63,86,,38,黄色,黑色,長发,,
118,2,2,B219835,外籍模特,,广州,173,86,76,87,,43,黄色,蓝色,長发,,
118,2,3,B219836,外籍模特,,广州,171,82,60,83,,38,黄色,黑色,長发,,
118,2,4,B219837,外籍模特,,广州,167,79,59,84,,38,黄色,黑色,長发,,
118,3,1,B219855,外籍模特,,广州,177,87,58,88,,39,黄色,蓝色,長发,,
118,3,2,B219856,外籍模特,,广州,176,86,60,90,,39,黄色,浅啡,長发,,
118,3,3,B219858,外籍模特,,广州,175,85,59,89,,38,黄色,深啡,長发,,
118,3,4,B219859,外籍模特,,广州,175,88,62,89,,38,黄色,蓝色,長发,,
118,4,1,B219860,外籍模特,,广州,186,100,75,93,,43,黄色,蓝色,短发,,
118,4,2,B219861,外籍模特,,广州,184,95,75,95,,43,黄色,蓝色,長发,,
119,1,4,J1017221,外籍模特,,广州,175,90,83,93,,38,黄色,棕色,長发,,
119,2,1,J1017226,外籍模特,,广州,176,85,61,89,,39,黄色,棕色,長发,,
119,2,2,J1017227,外籍模特,,广州,178,85,60,89,,39,黄色,绿色,長发,,
119,2,3,J1017235,外籍模特,,广州,175,84,60,87,,38,黄色,蓝色,長发,,
119,2,4,J1017237,外籍模特,,深圳,174,78,60,87,,38,黄色,蓝色,長发,,
119,3,1,J1017238,外籍模特,,深圳,177,84,61,89,,39,黄色,蓝色,長发,,
119,3,2,J1017240,外籍模特,,深圳,,80,61,89,,39,黄色,蓝色,長发,,
119,3,3,J1017241,外籍模特,,深圳,176,82,61,90,,39,黄色,蓝色,長发,,
119,3,4,J1017242,外籍模特,,广州,180,84,62,90,,40,黄色,黑色,長发,,
119,4,1,J1017243,外籍模特,,广州,180,84,62,90,,40,黄色,黑色,長发,,
119,4,2,J1017244,外籍模特,,广州,174,86,60,90,,38,黄色,绿色,長发,,
119,4,3,J1017248,外籍模特,,广州,175,60,84,89,,38,黄色,棕色,長发,,
119,4,4,J1017249,外籍模特,,广州,172,62,85,89,,38,黄色,褐色,長发,,
119,5,1,J1017250,外籍模特,,广州,173,63,88,90,,38,黄色,褐色,長发,,
119,5,2,J1017251,外籍模特,,广州,174,60,85,89,,38,黄色,褐色,長发,,
119,5,3,J1017252,外籍模特,,广州,175,63,88,89,,38,黄色,棕色,長发,,
119,5,4,J1017253,外籍模特,,广州,171,60,83,89,,38,黄色,棕色,長发,,
120,1,1,J1017256,外籍模特,,广州,177,88,60,88,,39,黄色,蓝色,長发,,
120,1,2,J1017257,外籍模特,,广州,174,84,60,88,,38,黄色,黑色,長发,,
120,1,3,J1017258,外籍模特,,广州,176,86,60,88,,39,黄色,棕色,長发,,
120,1,4,J1017260,外籍模特,,广州,178,84,60,89,,38,黄色,绿色,長发,,
120,2,2,J1015872,外籍模特,,深圳,179,84,60,90,0,39,白色,蓝色,長发,,
120,2,3,J1015873,外籍模特,,深圳,178,82,62,87,0,39,白色,蓝色,長发,,
120,2,4,J1015874,外籍模特,,深圳,174,82,62,87,0,39,白色,蓝色,長发,,
120,3,1,J1015875,外籍模特,,深圳,173,84,60,87,0,38,白色,蓝色,長发,,
120,3,2,J1015876,外籍模特,,深圳,174,82,59,87,0,39,白色,蓝色,長发,,
120,3,3,J1015877,外籍模特,,深圳,177,82,60,89,0,39,白色,蓝色,長发,,
120,3,4,J1015878,外籍模特,,深圳,175,79,61,88,0,39,白色,蓝色,長发,,
120,4,1,J1015879,外籍模特,,深圳,175,78,58,87,0,39,白色,蓝色,長发,,
120,4,2,J1015880,外籍模特,,广州,175,78,58,87,0,39,白色,蓝色,長发,,
120,4,3,J1015881,外籍模特,,深圳,178,84,60,91,0,39,白色,蓝色,長发,,
120,4,4,J1015795,外籍模特,,香港,189,103,81,93,0,44,白色,灰色,短发,,
120,5,1,J1015796,外籍模特,,广州,188,98,73,98,0,45,白色,棕色,短发,,
120,5,2,J1015798,外籍模特,,香港,180,83,64,91,0,39,白色,蓝色,長发,,
120,5,3,J1015799,外籍模特,,广州,174,83,63,89,0,38,白色,蓝色,長发,,
120,5,4,J1015800,外籍模特,,广州,174,80,61,88,0,39,白色,棕色,長发,,
121,1,1,J1015801,外籍模特,,广州,178,86,62,90,0,40,白色,棕色,長发,,
121,1,2,J1015802,外籍模特,,香港,180,85,59,90,0,40,白色,蓝色,長发,,
121,1,3,J1015803,外籍模特,,香港,172,78,59,84,0,40,黄色,蓝色,長发,,
121,1,4,J1015816,外籍模特,,广州,190,100,77,94,0,44,白色,棕色,短发,,
121,2,1,J1016398,外籍模特,,广州,186,98,77,96,0,44,白色,蓝色,短发,,
121,2,2,J1016399,外籍模特,,广州,185,101,80,94,0,44,白色,棕色,短发,,
121,2,3,J1016400,外籍模特,,香港,174,88,62,91,0,41,白色,蓝色,長发,,
121,2,4,J1016405,外籍模特,,香港,174,85,60,89,0,38,白色,绿色,長发,,
121,3,1,J1016406,外籍模特,,香港,188,96,82,96,0,42,白色,棕色,短发,,
121,3,2,J1016407,外籍模特,,香港,185,103,84,100,0,44,白色,棕色,短发,,
121,3,3,J1016408,外籍模特,,香港,183,95,75,93,0,44,白色,棕色,短发,,
121,3,4,J1016409,外籍模特,,广州,188,94,74,94,0,44,白色,蓝色,短发,,
121,4,1,J1016410,外籍模特,,广州,187,94,80,97,0,44,白色,蓝色,短发,,
121,4,2,J1016411,外籍模特,,广州,188,93,80,94,0,43,白色,蓝色,短发,,
121,4,3,J1016412,外籍模特,,广州,187,98,80,98,0,44,白色,棕色,短发,,
121,4,4,J1016413,外籍模特,,广州,188,97,80,95,0,44,白色,棕色,短发,,
121,5,1,J1016414,外籍模特,,广州,185,92,72,90,0,4,白色,绿色,短发,,
121,5,2,J1016424,外籍模特,,广州,176,78,60,90,0,38,白色,蓝色,長发,,
121,5,3,J1016425,外籍模特,,广州,176,80,60,89,0,39,白色,棕色,長发,,
121,5,4,J1016426,外籍模特,,广州,174,80,58,87,0,40,白色,棕色,長发,,
122,1,1,J1016427,外籍模特,,广州,175,83,59,89,0,38,白色,绿色,長发,,
122,1,2,J1016428,外籍模特,,广州,176,85,60,90,0,40,白色,绿色,長发,,
122,1,3,J1016429,外籍模特,,广州,177,80,59,88,0,39,白色,蓝色,長发,,
122,1,4,J1016430,外籍模特,,广州,177,82,58,89,0,39,白色,蓝色,長发,,
122,2,1,J1016431,外籍模特,,广州,179,83,60,89,0,40,白色,蓝色,長发,,
122,2,2,J1016432,外籍模特,,广州,180,80,59,88,0,40,白色,绿色,長发,,
122,2,3,J1016433,外籍模特,,广州,177,80,58,88,0,39,白色,蓝色,長发,,
122,2,4,J1016434,外籍模特,,广州,178,86,60,9,0,40,白色,蓝色,長发,,
122,4,1,J1016029,外籍模特,,上海,188,99,79,95,0,44,白色,棕色,短发,,
122,4,2,J1016030,外籍模特,,上海,187,97,78,96,0,44,白色,棕色,短发,,
122,4,3,J1016037,外籍模特,,上海,187,98,80,95,0,44,白色,绿色,短发,,
122,4,4,J1016038,外籍模特,,上海,186,96,78,95,0,44,白色,棕色,短发,,
122,5,1,J1016039,外籍模特,,上海,188,97,79,95,0,44,白色,蓝色,短发,,
122,5,2,J1016040,外籍模特,,上海,185,100,75,96,0,44,白色,棕色,短发,,
122,5,3,J1016041,外籍模特,,上海,185,100,80,97,0,44,白色,绿色,短发,,
122,5,4,J1016043,外籍模特,,上海,176,85,60,90,0,39,白色,蓝色,長发,,
123,1,1,J1016044,外籍模特,,上海,175,81,58,88,0,37,白色,绿色,長发,,
123,1,2,J1016045,外籍模特,,上海,175,85,59,90,0,39,白色,棕色,長发,,
123,1,3,J1016046,外籍模特,,上海,176,86,59,90,0,39,白色,棕色,長发,,
123,1,4,J1016047,外籍模特,,上海,176,84,60,89,0,39,白色,棕色,長发,,
123,2,1,J1016048,外籍模特,,上海,174,84,60,89,0,39,白色,蓝色,長发,,
123,2,2,J1016049,外籍模特,,上海,177,83,60,89,0,39,白色,棕色,長发,,
123,2,3,J1016050,外籍模特,,上海,176,85,59,90,0,39,白色,棕色,長发,,
123,2,4,J1016051,外籍模特,,上海,185,97,82,97,0,41,白色,蓝色,短发,,
123,3,1,J1016052,外籍模特,,上海,189,97,78,95,0,45,白色,蓝色,短发,,
123,3,2,J1016053,外籍模特,,上海,185,96,79,94,0,44,白色,棕色,短发,,
123,3,3,J1016054,外籍模特,,上海,188,98,80,96,0,44,白色,灰色,短发,,
123,3,4,J1016055,外籍模特,,上海,186,89,76,90,0,41,白色,棕色,短发,,
123,4,1,J1016056,外籍模特,,上海,175,81,59,87,0,,白色,棕色,長发,,
123,4,2,J1016057,外籍模特,,上海,176,86,60,89,0,39,白色,蓝色,長发,,
123,4,3,J1016058,外籍模特,,上海,179,84,91,92,0,398,白色,棕色,長发,,
123,4,4,J1016059,外籍模特,,上海,175,84,62,91,0,39,白色,棕色,長发,,
123,5,1,J1016060,外籍模特,,上海,173,82,60,89,0,39,白色,灰色,長发,,
123,5,2,J1016061,外籍模特,,上海,172,80,60,87,0,38,白色,蓝色,長发,,
123,5,3,J1016062,外籍模特,,上海,173,83,60,91,0,39,白色,蓝色,長发,,
123,5,4,J1016063,外籍模特,,上海,175,83,62,88,0,39,白色,绿色,長发,,
124,1,1,J1016065,外籍模特,,上海,176,83,59,88,0,38,白色,黑色,長发,,
124,1,2,J1016066,外籍模特,,上海,176,86,61,89,0,39,白色,绿色,長发,,
124,1,3,J1016067,外籍模特,,上海,189,104,82,97,0,45,白色,蓝色,短发,,
124,1,4,J1016068,外籍模特,,上海,176,87,60,90,0,37,白色,棕色,長发,,
124,2,3,J1016340,外籍模特,,广州,175,86,58,88,0,38,黑色,棕色,長发,,
124,2,4,J1016341,外籍模特,,广州,178,86,60,88,0,39,白色,棕色,長发,,
124,3,1,J1016342,外籍模特,,广州,176,84,60,89,0,38,白色,棕色,長发,,
124,3,2,J1016343,外籍模特,,广州,178,82,61,90,0,39,白色,棕色,長发,,
124,3,3,J1016344,外籍模特,,广州,177,82,62,91,0,39,白色,绿色,長发,,
124,3,4,J1016345,外籍模特,,广州,183,89,71,88,0,43,白色,灰色,短发,,
124,4,1,J1016346,外籍模特,,广州,178,85,61,89,0,39,白色,蓝色,長发,,
124,4,2,J1016347,外籍模特,,广州,173,83,60,88,0,,白色,绿色,長发,,
124,4,3,J1016348,外籍模特,,广州,185,98,78,96,0,44,白色,绿色,短发,,
124,4,4,J1016349,外籍模特,,广州,178,86,62,90,0,39,白色,蓝色,長发,,
124,5,1,J1016350,外籍模特,,广州,176,85,61,90,0,40,白色,蓝色,長发,,
124,5,2,J1016351,外籍模特,,广州,174,84,61,90,0,39,白色,蓝色,長发,,
124,5,3,J1016352,外籍模特,,广州,179,82,60,90,0,39,白色,蓝色,長发,,
124,5,4,J1016353,外籍模特,,广州,188,92,87,92,0,43,白色,绿色,短发,,
125,1,1,J1016354,外籍模特,,广州,178,80,58,88,0,39,白色,绿色,長发,,
125,1,2,J1016355,外籍模特,,广州,188,98,82,94,0,44,白色,蓝色,短发,,
125,1,3,J1016356,外籍模特,,广州,188,95,78,96,0,44,白色,蓝色,短发,,
125,1,4,J1016357,外籍模特,,广州,184,95,81,95,0,44,白色,蓝色,短发,,
125,2,1,J1016358,外籍模特,,广州,188,96,79,97,0,44,白色,绿色,短发,,
125,2,2,J1016359,外籍模特,,广州,186,95,70,95,0,44,白色,蓝色,短发,,
125,2,3,J1016361,外籍模特,,广州,178,82,60,89,0,39,白色,蓝色,長发,,
125,2,4,J1016362,外籍模特,,广州,178,80,60,89,0,39,白色,棕色,長发,,
125,3,1,J1016363,外籍模特,,广州,178,83,62,90,0,39,白色,蓝色,長发,,
125,3,2,J1016364,外籍模特,,广州,174,84,60,90,0,39,白色,棕色,長发,,
125,3,3,J1016365,外籍模特,,广州,178,84,60,88,0,39,白色,棕色,長发,,
125,3,4,J1016366,外籍模特,,广州,174,80,60,89,0,38,白色,蓝色,長发,,
125,4,1,J1016367,外籍模特,,广州,176,83,62,90,0,39,白色,蓝色,長发,,
125,4,2,J1016368,外籍模特,,广州,176,82,60,89,0,39,白色,棕色,長发,,
125,4,3,J1016369,外籍模特,,广州,177,84,60,89,0,39,白色,蓝色,長发,,
125,4,4,J1016371,外籍模特,,广州,175,84,60,90,0,39,白色,蓝色,長发,,
125,5,1,J1016373,外籍模特,,广州,175,80,60,89,0,39,白色,蓝色,長发,,
125,5,2,J1016374,外籍模特,,广州,178,80,60,90,0,39,白色,蓝色,長发,,
125,5,3,J1016377,外籍模特,,广州,178,80,62,89,0,39,白色,蓝色,長发,,
125,5,4,J1016378,外籍模特,,广州,176,84,61,88,0,39,白色,棕色,長发,,
126,1,1,J1016379,外籍模特,,广州,184,98,77,95,0,42,白色,棕色,短发,,
126,1,2,J1016380,外籍模特,,广州,176,86,63,91,0,39,白色,蓝色,長发,,
126,1,3,J1016381,外籍模特,,广州,175,79,60,89,0,37,白色,蓝色,長发,,
126,1,4,J1016382,外籍模特,,广州,173,85,61,89,0,38,白色,灰色,長发,,
126,2,1,J1016383,外籍模特,,广州,171,80,59,87,0,37,黄色,绿色,長发,,
126,2,2,J1016072,外籍模特,,上海,177,84,57,88,0,39,白色,蓝色,長发,,
126,2,3,J1016073,外籍模特,,上海,175,80,60,88,0,39,白色,棕色,長发,,
126,2,4,J1016074,外籍模特,,上海,173,85,62,92,0,38,白色,棕色,長发,,
126,3,1,J1016075,外籍模特,,上海,177,89,60,90,0,39,白色,棕色,長发,,
126,3,2,J1016076,外籍模特,,上海,183,96,76,95,0,43,白色,蓝色,短发,,
126,3,3,J1016077,外籍模特,,上海,185,104,78,96,0,42,白色,棕色,短发,,
126,3,4,J1016078,外籍模特,,上海,182,93,75,92,0,43,白色,蓝色,短发,,
126,4,1,J1016079,外籍模特,,上海,186,99,76,96,0,44,黄色,绿色,短发,,
126,4,2,J1016080,外籍模特,,深圳,176,82,60,90,0,39,白色,蓝色,長发,,
126,4,3,J1016081,外籍模特,,深圳,176,80,60,89,0,39,黄色,蓝色,長发,,
126,4,4,J1016082,外籍模特,,深圳,174,81,58,88,0,39,白色,棕色,長发,,
126,5,1,J1016083,外籍模特,,深圳,173,82,58,88,0,39,白色,绿色,長发,,
126,5,2,J1016084,外籍模特,,广州,176,80,58,88,0,39,白色,蓝色,長发,,
126,5,3,J1016085,外籍模特,,深圳,175,84,60,88,0,39,白色,蓝色,長发,,
126,5,4,J1016086,外籍模特,,深圳,176,80,60,88,0,39,白色,蓝色,長发,,
127,1,1,J1016087,外籍模特,,深圳,175,83,60,88,0,38,白色,棕色,長发,,
127,1,2,J1016088,外籍模特,,广州,171,85,59,89,0,38,白色,蓝色,長发,,
127,1,4,J1016128,外籍模特,,广州,174,78,60,86,0,38,白色,蓝色,長发,,
127,2,1,J1016129,外籍模特,,香港,180,82,61,97,0,39,白色,蓝色,長发,,
127,2,2,J1016130,外籍模特,,香港,176,84,60,87,0,39,白色,灰色,長发,,
127,2,3,J1016131,外籍模特,,香港,186,100,76,100,0,44,白色,绿色,短发,,
127,2,4,J1016132,外籍模特,,广州,188,91,73,90,0,44,白色,蓝色,短发,,
127,3,1,J1016133,外籍模特,,香港,188,91,75,95,0,45,白色,棕色,短发,,
127,3,2,J1016134,外籍模特,,香港,175,80,59,88,0,39,白色,蓝色,長发,,
127,3,3,J1016135,外籍模特,,香港,177,85,60,90,0,38,白色,绿色,長发,,
127,3,4,J1016136,外籍模特,,香港,175,85,62,88,0,37,白色,绿色,長发,,
127,4,1,J1016137,外籍模特,,香港,179,80,61,86,0,39,白色,棕色,長发,,
127,4,2,J1016138,外籍模特,,香港,174,84,60,88,0,38,白色,蓝色,長发,,
127,4,3,J1016139,外籍模特,,香港,176,81,61,88,0,38,白色,蓝色,長发,,
127,4,4,J1016140,外籍模特,,上海,188,97,73,95,0,44,白色,蓝色,短发,,
127,5,1,J1016141,外籍模特,,上海,172,80,60,89,0,40,白色,蓝色,長发,,
127,5,2,J1016142,外籍模特,,上海,174,82,61,90,0,39,白色,黑色,長发,,
127,5,3,J1016143,外籍模特,,上海,172,80,60,88,0,39,白色,灰色,長发,,
127,5,4,J1016144,外籍模特,,上海,176,82,59,89,0,39,白色,棕色,長发,,
128,1,1,J1016145,外籍模特,,上海,176,80,58,88,0,39,白色,棕色,長发,,
128,1,2,J1016146,外籍模特,,上海,176,86,60,90,0,39,白色,棕色,長发,,
128,1,3,J1016147,外籍模特,,深圳,176,80,59,89,0,39,白色,绿色,長发,,
128,1,4,J1016148,外籍模特,,广州,176,86,62,90,0,39,白色,蓝色,長发,,
128,2,1,J1016149,外籍模特,,深圳,187,102,77,97,0,43,白色,绿色,短发,,
128,2,2,J1016150,外籍模特,,广州,176,82,60,89,0,39,白色,蓝色,長发,,
128,2,3,J1016151,外籍模特,,深圳,173,81,59,87,0,39,白色,蓝色,長发,,
128,2,4,J1016152,外籍模特,,深圳,176,80,60,90,0,39,白色,绿色,長发,,
128,3,1,J1016153,外籍模特,,深圳,180,85,61,93,0,40,白色,绿色,長发,,
128,3,2,J1016154,外籍模特,,深圳,173,84,60,87,0,38,白色,蓝色,長发,,
128,3,3,J1016155,外籍模特,,深圳,176,80,61,89,0,39,白色,蓝色,長发,,
128,4,1,J1016178,外籍模特,,上海,186,95,72,93,0,43,白色,蓝色,短发,,
128,4,2,J1016179,外籍模特,,上海,173,83,61,88,0,38,白色,棕色,長发,,
128,4,3,J1016180,外籍模特,,上海,186,96,76,94,0,43,白色,棕色,短发,,
128,4,4,J1016182,外籍模特,,广州,188,92,81,95,0,44,白色,灰色,短发,,
128,5,1,J1016183,外籍模特,,广州,184,95,77,92,0,43,白色,棕色,短发,,
128,5,2,J1016184,外籍模特,,广州,181,88,76,87,0,42,白色,绿色,短发,,
128,5,3,J1016185,外籍模特,,广州,186,95,80,94,0,44,白色,棕色,短发,,
128,5,4,J1016186,外籍模特,,广州,187,96,78,92,0,43,白色,蓝色,短发,,
129,1,1,J1016188,外籍模特,,广州,188,91,89,95,0,46,白色,棕色,短发,,
129,1,2,J1016189,外籍模特,,广州,187,99,78,94,0,44,白色,蓝色,短发,,
129,1,3,J1016190,外籍模特,,香港,183,100,78,101,0,44,白色,棕色,短发,,
129,1,4,J1016191,外籍模特,,香港,187,91,74,90,0,44,白色,绿色,短发,,
129,2,1,J1016192,外籍模特,,香港,185,89,79,88,0,44,白色,绿色,短发,,
129,2,2,J1016193,外籍模特,,香港,188,91,74,96,0,43,白色,蓝色,短发,,
129,2,3,J1016194,外籍模特,,广州,174,85,60,88,0,39,白色,棕色,長发,,
129,2,4,J1016195,外籍模特,,深圳,178,85,60,90,0,39,白色,绿色,長发,,
129,3,1,J1016196,外籍模特,,深圳,177,80,59,86,0,39,白色,棕色,長发,,
129,3,2,J1016197,外籍模特,,深圳,178,84,60,88,0,39,白色,蓝色,長发,,
129,3,3,J1016198,外籍模特,,深圳,176,85,60,88,0,38,白色,绿色,長发,,
129,3,4,J1016199,外籍模特,,深圳,176,83,59,90,0,39,白色,蓝色,長发,,
129,4,1,J1016200,外籍模特,,深圳,174,81,59,87,0,38,白色,蓝色,長发,,
129,4,2,J1016201,外籍模特,,广州,172,80,59,88,0,37,白色,绿色,長发,,
129,4,3,J1016202,外籍模特,,广州,172,80,59,89,0,37,白色,蓝色,長发,,
129,4,4,J1016203,外籍模特,,深圳,179,83,60,90,0,40,白色,蓝色,長发,,
129,5,1,J1015650,外籍模特,,广州,172,84,60,90,0,39,白色,蓝色,長发,,
129,5,2,J1015651,外籍模特,,广州,178,86,60,91,0,38,白色,褐色,長发,,
129,5,3,J1015652,外籍模特,,广州,175,83,61,89,0,39,白色,褐色,長发,,
129,5,4,J1015653,外籍模特,,广州,185,94,76,93,,41,白色,褐色,短发,,
130,1,1,J1015657,外籍模特,,广州,176,82,58,89,0,39,白色,绿色,長发,,
130,1,2,J1015659,外籍模特,,广州,172,84,60,88,0,39,白色,蓝色,長发,,
130,1,3,J1015660,外籍模特,,广州,188,93,82,96,0,44,白色,棕色,短发,,
130,1,4,J1015661,外籍模特,,广州,185,94,74,94,0,44,白色,灰色,短发,,
130,2,1,J1015662,外籍模特,,广州,187,97,80,95,0,44,白色,棕色,短发,,
130,2,2,J1015663,外籍模特,,广州,186,94,83,96,0,44,白色,蓝色,短发,,
130,2,3,J1015664,外籍模特,,广州,187,99,80,92,0,44,白色,棕色,短发,,
130,3,3,J1015726,外籍模特,,深圳,180,88,61,89,,40,白色,蓝色,長发,,
130,5,1,J1015386,外籍模特,,广州,189,93,73,92,,43,白色,绿色,短发,,
130,5,4,J1015470,外籍模特,,北京,188,92,74,94,,44,白色,绿色,短发,,
131,1,4,J1015630,外籍模特,,广州,174,80,60,86,0,39,白色,蓝色,長发,,
131,2,1,J1015631,外籍模特,,广州,175,84,61,90,0,39,白色,蓝色,長发,,
131,2,2,J1015632,外籍模特,,广州,173,80,60,88,0,39,白色,蓝色,長发,,
131,2,3,J1015633,外籍模特,,广州,175,83,62,90,0,39,白色,蓝色,長发,,
131,2,4,J1015634,外籍模特,,广州,175,82,60,89,0,39,白色,棕色,長发,,
131,3,1,J1015635,外籍模特,,广州,176,84,62,90,0,39,白色,棕色,長发,,
131,3,2,J1015636,外籍模特,,广州,174,82,60,88,0,39,白色,棕色,長发,,
131,3,3,J1015638,外籍模特,,广州,174,82,62,90,0,38,白色,棕色,長发,,
131,3,4,J1015639,外籍模特,,广州,177,84,63,91,0,39,白色,黑色,長发,,
131,4,1,J1015640,外籍模特,,广州,186,95,78,95,0,44,白色,棕色,短发,,
131,4,2,J1015641,外籍模特,,广州,187,96,79,96,0,44,白色,绿色,短发,,
131,4,3,J1015642,外籍模特,,广州,185,96,75,91,0,41,白色,棕色,短发,,
131,4,4,J1015643,外籍模特,,广州,186,89,76,93,0,44,白色,蓝色,短发,,
131,5,1,J1015644,外籍模特,,广州,185,98,76,96,0,42,白色,蓝色,短发,,
131,5,2,J1015645,外籍模特,,广州,186,95,70,95,0,44,白色,蓝色,短发,,
131,5,3,J1015646,外籍模特,,广州,187,94,78,94,0,43,白色,蓝色,短发,,
131,5,4,J1015647,外籍模特,,广州,185,92,73,93,0,43,白色,棕色,短发,,
132,1,1,J1015568,外籍模特,,深圳,178,85,61,90,,40,黄色,绿色,長发,,
132,1,2,J1015569,外籍模特,,深圳,176,82,61,90,,40,白色,绿色,長发,,
132,1,3,J1015570,外籍模特,,广州,175,86,61,90,,40,白色,蓝色,長发,,
132,1,4,J1015571,外籍模特,,深圳,178,82,60,89,,39,白色,绿色,長发,,
132,2,1,J1015572,外籍模特,,深圳,177,78,58,86,,38,白色,蓝色,長发,,
132,2,2,J1015573,外籍模特,,深圳,178,85,60,90,,40,白色,棕色,長发,,
132,2,3,J1015574,外籍模特,,深圳,175,86,59,89,,39,白色,棕色,長发,,
132,2,4,J1015575,外籍模特,,深圳,176,83,59,89,,40,黄色,蓝色,長发,,
132,3,1,J1015577,外籍模特,,上海,187,97,75,95,,44,白色,灰色,短发,,
132,3,2,J1015578,外籍模特,,上海,188,98,75,95,,44,白色,棕色,短发,,
132,3,3,J1015579,外籍模特,,上海,188,98,79,98,,45,白色,棕色,短发,,
132,3,4,J1015580,外籍模特,,上海,188,96,74,96,,44,白色,绿色,長发,,
132,4,1,J1015581,外籍模特,,上海,182,94,75,94,,42,白色,棕色,短发,,
132,4,2,J1015582,外籍模特,,上海,187,97,80,96,,43,白色,绿色,短发,,
132,4,3,J1015583,外籍模特,,上海,188,95,73,95,,43,白色,蓝色,短发,,
132,4,4,J1015584,外籍模特,,广州,175,84,62,88,,39,白色,棕色,長发,,
132,5,1,J1015585,外籍模特,,广州,173,80,57,87,,38,白色,蓝色,長发,,
132,5,2,J1015586,外籍模特,,广州,176,87,60,89,,39,白色,棕色,長发,,
132,5,3,J1015587,外籍模特,,广州,173,83,58,88,,39,白色,棕色,長发,,
132,5,4,J1015588,外籍模特,,广州,175,82,60,84,,39,白色,灰色,長发,,
133,1,1,J1015589,外籍模特,,广州,183,96,74,96,,43,白色,灰色,短发,,
133,1,2,J1015590,外籍模特,,广州,187,91,74,91,,44,白色,蓝色,短发,,
133,1,3,J1015072,外籍模特,,广州,176,84,58,88,0,40,白色,褐色,長发,,
133,1,4,J1015075,外籍模特,,上海,177,85,60,89,,39,白色,褐色,短发,,
133,2,1,J1015076,外籍模特,,广州,176,85,60,89,,39,白色,褐色,長发,,
133,2,2,J1015077,外籍模特,,广州,187,100,74,98,,44,白色,褐色,短发,,
133,2,3,J1015078,外籍模特,,广州,183,97,76,96,,43,白色,蓝色,短发,,
133,2,4,J1015079,外籍模特,,广州,186,94,76,94,,43,白色,褐色,短发,,
133,3,1,J1015080,外籍模特,,广州,186,98,78,96,,44,白色,绿色,短发,,
133,3,2,J1015081,外籍模特,,深圳,177,87,59,88,,39,白色,绿色,長发,,
133,3,3,J1015082,外籍模特,,深圳,178,86,62,91,,40,白色,绿色,長发,,
133,3,4,J1015083,外籍模特,,深圳,176,85,60,89,89,40,白色,绿色,長发,,
133,4,1,J1015084,外籍模特,,深圳,176,81,60,87,,39,白色,绿色,長发,,
133,4,2,J1015085,外籍模特,,深圳,168,81,58,87,,37,白色,棕色,長发,,
133,4,3,J1015086,外籍模特,,广州,178,84,60,90,,40,白色,棕色,長发,,
133,4,4,J1015087,外籍模特,,广州,174,87,60,88,,37,白色,蓝色,長发,,
133,5,1,J1015088,外籍模特,,上海,176,85,59,88,,38,白色,蓝色,長发,,
133,5,2,J1015089,外籍模特,,上海,177,88,60,90,,39,白色,棕色,長发,,
133,5,3,J1015090,外籍模特,,上海,185,97,76,96,,43,白色,蓝色,短发,,
133,5,4,J1015091,外籍模特,,广州,173,88,62,88,,38,白色,蓝色,長发,,
134,2,1,J1015144,外籍模特,,北京,178,84,60,88,,38,白色,绿色,長发,,
134,2,2,J1015145,外籍模特,,北京,178,84,59,89,,39,白色,蓝色,長发,,
134,2,3,J1015146,外籍模特,,北京,177,87,60,90,,40,黄色,绿色,長发,,
134,2,4,J1015147,外籍模特,,北京,178,84,60,90,,40,白色,蓝色,長发,,
134,3,1,J1015148,外籍模特,,北京,179,83,91,90,,40,黄色,蓝色,長发,,
134,3,2,J1015149,外籍模特,,广州,178,86,61,90,,40,白色,蓝色,長发,,
134,3,3,J1015150,外籍模特,,北京,178,84,59,89,,39,白色,蓝色,長发,,
134,3,4,J1015151,外籍模特,,上海,189,95,77,93,,45,白色,棕色,短发,,
134,4,1,J1015155,外籍模特,,北京,178,84,62,90,,40,白色,蓝色,長发,,
134,4,2,J1015156,外籍模特,,北京,178,80,60,88,,39,白色,蓝色,長发,,
134,4,3,J1015157,外籍模特,,北京,176,86,60,87,,39,白色,棕色,長发,,
134,4,4,J1015158,外籍模特,,北京,178,85,60,90,,39,白色,蓝色,長发,,
134,5,1,J1015159,外籍模特,,北京,176,83,59,88,,39,白色,蓝色,長发,,
134,5,2,J1015160,外籍模特,,北京,177,85,60,90,,40,白色,棕色,長发,,
134,5,3,J1015161,外籍模特,,北京,176,82,58,88,,39,白色,棕色,長发,,
134,5,4,J1015162,外籍模特,,北京,178,84,61,92,,40,白色,绿色,長发,,
135,1,1,J1015163,外籍模特,,北京,178,83,60,90,,39,白色,棕色,長发,,
135,1,2,J1015164,外籍模特,,北京,178,81,58,88,,38,白色,绿色,長发,,
135,1,3,J1015166,外籍模特,,北京,178,85,62,89,,40,白色,蓝色,長发,,
135,1,4,J1015167,外籍模特,,北京,177,90,61,91,,39,白色,棕色,長发,,
135,2,1,J1015168,外籍模特,,北京,176,85,60,90,,39,白色,棕色,長发,,
135,2,2,J1015169,外籍模特,,北京,186,96,74,95,,44,白色,黑色,短发,,
135,2,3,J1015170,外籍模特,,北京,187,96,76,92,,45,白色,绿色,長发,,
135,2,4,J1015171,外籍模特,,北京,187,95,74,94,,43,白色,棕色,短发,,
135,3,1,J1015172,外籍模特,,北京,186,95,73,93,,43,白色,绿色,短发,,
135,3,2,J1015175,外籍模特,,上海,178,85,60,90,,39,白色,棕色,長发,,
135,3,3,J1015176,外籍模特,,上海,188,96,79,96,,44,白色,绿色,短发,,
135,3,4,J1015177,外籍模特,,上海,188,100,80,96,,44,白色,绿色,短发,,
135,4,1,J1015178,外籍模特,,上海,188,95,78,96,,44,白色,棕色,短发,,
135,4,2,J1015179,外籍模特,,上海,188,100,80,98,,44,白色,绿色,短发,,
135,4,3,J1015180,外籍模特,,上海,174,83,58,88,,39,白色,绿色,長发,,
135,4,4,J1015181,外籍模特,,上海,188,96,79,96,,44,白色,绿色,短发,,
135,5,1,J1015183,外籍模特,,上海,186,96,80,95,,44,白色,绿色,短发,,
135,5,2,J1015184,外籍模特,,上海,186,98,80,96,,44,白色,绿色,短发,,
135,5,3,J1015185,外籍模特,,上海,176,84,60,88,,39,白色,棕色,長发,,
135,5,4,J1015186,外籍模特,,上海,175,86,60,90,,39,白色,棕色,長发,,
136,1,1,J1015187,外籍模特,,上海,188,95,78,94,,44,白色,绿色,短发,,
136,1,2,J1015188,外籍模特,,上海,188,99,80,96,,44,白色,绿色,短发,,
136,1,3,J1015216,外籍模特,,上海,188,96,79,95,,44,白色,蓝色,短发,,
136,1,4,J1015217,外籍模特,,上海,188,96,80,95,,44,白色,绿色,短发,,
136,2,1,J1015218,外籍模特,,上海,177,84,60,88,,39,白色,蓝色,長发,,
136,2,2,J1015219,外籍模特,,上海,185,97,77,97,,44,白色,棕色,短发,,
136,2,3,J1015220,外籍模特,,上海,176,85,60,88,,38,白色,绿色,長发,,
136,2,4,J1015221,外籍模特,,上海,177,84,60,89,,39,白色,绿色,長发,,
136,3,2,J1014633,外籍模特,,深圳,176,82,61,90,,40,白色,绿色,長发,,
136,3,3,J1014634,外籍模特,,深圳,175,83,59,89,,38,白色,蓝色,長发,,
136,4,1,J1014637,外籍模特,,深圳,178,80,58,87,,40,白色,绿色,長发,,
136,4,2,J1014638,外籍模特,,深圳,178,85,60,90,,40,黄色,蓝色,長发,,
136,4,3,J1014639,外籍模特,,深圳,173,80,60,86,,38,黄色,绿色,長发,,
136,4,4,J1014640,外籍模特,,深圳,177,80,58,90,,39,黄色,蓝色,長发,,
136,5,1,J1014641,外籍模特,,深圳,176,80,61,89,,39,黄色,蓝色,長发,,
136,5,2,J1014643,外籍模特,,深圳,177,87,59,87,,39,黄色,绿色,長发,,
136,5,4,J1014646,外籍模特,,深圳,177,87,59,87,,39,黄色,绿色,長发,,
137,1,1,J1014647,外籍模特,,广州,187,103,78,96,,43,黄色,蓝色,長发,,
137,1,2,J1014648,外籍模特,,深圳,174,86,60,90,,39,黄色,蓝色,長发,,
137,1,3,J1014649,外籍模特,,深圳,187,93,76,95,,43,黄色,褐色,長发,,
137,1,4,J1014650,外籍模特,,广州,175,88,63,91,,39,白色,蓝色,長发,,
137,2,1,J1014652,外籍模特,,深圳,187,94,75,94,,44,黄色,蓝色,長发,,
137,2,2,J1014653,外籍模特,,广州,173,81,58,87,,39,白色,蓝色,長发,,
137,2,3,J1014655,外籍模特,,深圳,173,80,57,88,,38,黄色,蓝色,長发,,
137,2,4,J1014656,外籍模特,,深圳,186,97,80,96,,43,黄色,棕色,長发,,
137,3,1,J1014658,外籍模特,,深圳,174,83,60,87,,38,黄色,蓝色,長发,,
137,3,2,J1014659,外籍模特,,深圳,176,84,62,90,,38,黄色,褐色,長发,,
137,3,3,J1014660,外籍模特,,深圳,176,88,61,88,,39,黄色,蓝色,長发,,
137,3,4,J1014662,外籍模特,,深圳,174,82,60,85,,37,黄色,绿色,長发,,
137,4,1,J1014664,外籍模特,,深圳,177,83,60,90,,39,黄色,绿色,長发,,
137,4,2,J1014665,外籍模特,,深圳,186,90,74,93,,44,黄色,蓝色,長发,,
137,4,3,J1014666,外籍模特,,深圳,188,98,78,98,,44,黄色,褐色,長发,,
137,4,4,J1014667,外籍模特,,深圳,186,102,85,101,,44,黄色,褐色,長发,,
137,5,1,J1014671,外籍模特,,深圳,174,84,62,89,,39,黄色,绿色,長发,,
137,5,2,J1014672,外籍模特,,广州,175,85,61,89,,38,黄色,黑色,長发,,
137,5,3,J1014673,外籍模特,,深圳,177,82,60,89,,39,黄色,褐色,長发,,
137,5,4,J1014674,外籍模特,,深圳,175,82,61,91,,39,黄色,蓝色,長发,,
138,1,1,J1014675,外籍模特,,深圳,186,99,78,98,,43,黄色,蓝色,長发,,
138,1,2,J1014676,外籍模特,,深圳,173,82,59,87,,39,黄色,褐色,長发,,
138,1,3,J1014677,外籍模特,,深圳,186,100,78,98,,44,黄色,褐色,長发,,
138,2,1,J1014679,外籍模特,,深圳,188,96,77,97,,43,黄色,褐色,長发,,
138,2,2,J1014681,外籍模特,,深圳,176,85,61,90,,38,黄色,褐色,長发,,
138,2,3,J1014682,外籍模特,,深圳,175,82,60,89,,38,黄色,蓝色,長发,,
138,2,4,J1014683,外籍模特,,深圳,174,84,60,89,,39,黄色,蓝色,長发,,
138,3,1,J1014684,外籍模特,,深圳,173,83,58,88,,38,黄色,蓝色,長发,,
138,3,2,J1014685,外籍模特,,广州,173,78,58,86,,37,黄色,蓝色,長发,,
138,3,3,J1014686,外籍模特,,广州,179,82,60,87,,40,黄色,黑色,長发,,
138,3,4,J1014687,外籍模特,,深圳,185,94,81,93,,44,黄色,棕色,長发,,
138,4,1,J1014688,外籍模特,,广州,173,83,62,87,,39,黄色,蓝色,長发,,
138,4,2,J1014689,外籍模特,,深圳,188,96,80,95,,45,黄色,棕色,長发,,
138,4,3,J1014690,外籍模特,,深圳,174,84,62,89,,39,黄色,蓝色,長发,,
138,4,4,J1014691,外籍模特,,深圳,188,93,78,92,,44,黄色,蓝色,長发,,
138,5,1,J1014692,外籍模特,,深圳,179,80,60,88,,39,黄色,蓝色,長发,,
138,5,2,J1014693,外籍模特,,深圳,173,82,61,89,,39,黄色,蓝色,長发,,
138,5,3,J1014694,外籍模特,,深圳,174,83,62,88,,38,黄色,蓝色,長发,,
138,5,4,J1014695,外籍模特,,广州,179,83,59,89,,39,黄色,蓝色,長发,,
139,1,1,J1014696,外籍模特,,深圳,185,99,80,96,,44,黄色,棕色,長发,,
139,1,2,J1014697,外籍模特,,广州,174,79,60,88,,39,黄色,蓝色,長发,,
139,1,3,J1014699,外籍模特,,广州,183,94,74,94,,43,白色,褐色,短发,,
139,1,4,J1014700,外籍模特,,广州,174,78,58,88,,38,黄色,褐色,長发,,
139,2,1,J1014701,外籍模特,,广州,178,85,60,90,,40,黄色,褐色,長发,,
139,2,2,J1014702,外籍模特,,广州,177,79,57,87,,39,黄色,蓝色,長发,,
139,2,3,J1014703,外籍模特,,广州,174,82,62,89,,38,黄色,褐色,長发,,
139,2,4,J1014704,外籍模特,,深圳,177,84,60,88,,40,黄色,绿色,長发,,
139,3,1,J1014705,外籍模特,,深圳,174,80,58,88,,39,黄色,蓝色,長发,,
139,3,2,J1014706,外籍模特,,深圳,177,82,60,89,,39,黄色,蓝色,長发,,
139,3,3,J1014707,外籍模特,,深圳,179,86,61,88,,39,黄色,蓝色,長发,,
139,3,4,J1014708,外籍模特,,深圳,173,85,61,88,,39,黄色,蓝色,長发,,
139,4,1,J1014710,外籍模特,,深圳,176,85,59,88,,40,黄色,蓝色,長发,,
139,4,2,J1014711,外籍模特,,深圳,175,81,59,88,,39,黄色,蓝色,長发,,
139,4,3,J1014712,外籍模特,,广州,186,96,78,96,,44,黄色,褐色,長发,,
139,4,4,J1014713,外籍模特,,深圳,185,100,78,101,,44,黄色,蓝色,短发,,
139,5,1,J1015225,外籍模特,,上海,185,94,82,98,,44,白色,蓝色,短发,,
139,5,2,J1015226,外籍模特,,上海,188,98,88,97,,45,白色,绿色,短发,,
139,5,3,J1015227,外籍模特,,上海,177,82,60,88,,39,白色,棕色,長发,,
139,5,4,J1015228,外籍模特,,上海,177,84,59,88,,39,白色,蓝色,長发,,
140,1,1,J1015229,外籍模特,,深圳,174,78,59,87,,39,白色,灰色,長发,,
140,1,2,J1015230,外籍模特,,深圳,178,84,59,87,,40,白色,绿色,長发,,
140,1,3,J1015231,外籍模特,,广州,178,78,59,86,,39,白色,褐色,長发,,
140,1,4,J1015232,外籍模特,,广州,179,84,61,87,,40,白色,蓝色,長发,,
140,2,1,J1015233,外籍模特,,广州,176,82,60,89,,39,白色,绿色,長发,,
140,2,2,J1015234,外籍模特,,广州,178,85,60,90,,39,白色,蓝色,長发,,
140,2,3,J1015235,外籍模特,,广州,188,96,81,97,,44,白色,绿色,短发,,
140,2,4,J1015236,外籍模特,,广州,188,97,83,96,,44,白色,棕色,短发,,
140,3,1,J1015237,外籍模特,,广州,189,93,84,95,,44,白色,绿色,短发,,
140,3,3,J1015023,外籍模特,,汕头,187,98,83,96,,44,白色,棕色,短发,,
140,3,4,J1015024,外籍模特,,汕头,174,89,60,89,,37,白色,棕色,長发,,
140,4,1,J1015025,外籍模特,,汕头,170,84,60,89,,38,白色,绿色,長发,,
140,4,2,J1015026,外籍模特,,汕头,171,86,60,89,,38,白色,灰色,長发,,
140,4,3,J1015027,外籍模特,,汕头,172,86,60,89,,38,白色,灰色,長发,,
140,4,4,J1015028,外籍模特,,广州,173,84,62,90,,37,白色,蓝色,長发,,
140,5,1,J1015029,外籍模特,,广州,175,84,60,90,,40,白色,棕色,長发,,
140,5,2,J1015030,外籍模特,,广州,175,81,58,87,,39,白色,蓝色,長发,,
140,5,3,J1015031,外籍模特,,广州,186,97,76,96,,43,白色,蓝色,短发,,
140,5,4,J1015032,外籍模特,,广州,187,96,80,95,,44,白色,绿色,短发,,
141,1,1,J1015033,外籍模特,,广州,186,98,75,96,,43,白色,棕色,短发,,
141,1,2,J1015034,外籍模特,,上海,187,107,78,98,,43,白色,棕色,短发,,
141,1,3,J1015035,外籍模特,,香港,188,97,85,97,,43,白色,棕色,短发,,
141,1,4,J1015036,外籍模特,,广州,189,98,79,92,,43,白色,绿色,短发,,
141,2,1,J1015037,外籍模特,,广州,176,80,60,88,,38,白色,绿色,長发,,
141,2,2,J1015038,外籍模特,,广州,172,82,61,91,,39,白色,棕色,長发,,
141,2,3,J1015039,外籍模特,,境外,172,88,60,90,,38,白色,绿色,長发,,
141,2,4,J1015040,外籍模特,,境外,175,88,61,91,,39,白色,绿色,長发,,
141,3,1,J1015041,外籍模特,,境外,174,86,62,92,,39,白色,绿色,長发,,
141,5,3,J1014849,外籍模特,,广州,175,83,60,89,,39,白色,蓝色,長发,,
142,2,2,J1015511,外籍模特,,广州,178,84,62,90,,40,白色,蓝色,長发,,
142,2,3,J1015512,外籍模特,,广州,173,80,59,87,,39,白色,褐色,長发,,
142,2,4,J1015514,外籍模特,,广州,176,83,59,89,,39,白色,绿色,長发,,
142,3,1,J1015515,外籍模特,,广州,173,84,68,90,,37,白色,蓝色,中发,,
142,3,2,J1015518,外籍模特,,广州,173,76,60,86,,37,白色,蓝色,長发,,
142,3,3,J1015523,外籍模特,,北京,175,85,61,91,,38,白色,褐色,長发,,
142,3,4,J1015524,外籍模特,,北京,178,85,60,90,,40,白色,蓝色,長发,,
142,4,1,J1015525,外籍模特,,北京,177,86,63,90,,39,白色,蓝色,長发,,
142,4,2,J1015526,外籍模特,,北京,175,84,60,90,,39,白色,蓝色,長发,,
142,4,3,J1015527,外籍模特,,北京,177,83,60,90,,40,白色,蓝色,長发,,
142,4,4,J1015528,外籍模特,,北京,175,86,60,90,,39,白色,蓝色,長发,,
142,5,1,J1015529,外籍模特,,北京,178,89,61,90,,40,白色,绿色,長发,,
142,5,2,J1015530,外籍模特,,北京,177,90,61,90,,39,白色,棕色,長发,,
142,5,3,J1015531,外籍模特,,北京,177,85,60,88,,39,白色,蓝色,長发,,
142,5,4,J1015532,外籍模特,,北京,176,86,59,89,,39,白色,蓝色,長发,,
143,1,1,J1015533,外籍模特,,北京,175,83,60,86,,39,白色,蓝色,長发,,
143,1,2,J1015534,外籍模特,,北京,170,80,59,88,,36,白色,褐色,長发,,
143,1,3,J1015535,外籍模特,,广州,177,82,61,89,,39,白色,棕色,長发,,
143,1,4,J1015536,外籍模特,,广州,171,81,60,88,,37.5,白色,蓝色,長发,,
143,2,1,J1015537,外籍模特,,广州,178,83,60,89,,39,黄色,绿色,長发,,
143,2,2,J1015538,外籍模特,,广州,173,80,60,88,,37,白色,棕色,長发,,
143,2,3,J1015539,外籍模特,,广州,172,80,58,86,,38,白色,棕色,長发,,
143,2,4,J1015540,外籍模特,,深圳,175,79,60,90,,39,白色,绿色,長发,,
143,3,1,J1015541,外籍模特,,广州,175,84,61,90,,39,白色,蓝色,長发,,
143,3,2,J1015542,外籍模特,,广州,175,80,60,88,,39,白色,蓝色,長发,,
143,3,3,J1015543,外籍模特,,广州,176,84,62,88,,39,白色,蓝色,長发,,
143,3,4,J1015544,外籍模特,,广州,174,80,60,89,,38,白色,蓝色,長发,,
143,4,1,J1015545,外籍模特,,广州,178,83,62,90,,39,白色,绿色,長发,,
143,4,2,J1015546,外籍模特,,广州,174,84,60,90,,39,白色,棕色,長发,,
143,4,3,J1015547,外籍模特,,广州,176,84,62,90,,39,白色,棕色,長发,,
143,4,4,J1015548,外籍模特,,广州,178,84,62,89,,39,白色,蓝色,長发,,
143,5,1,J1015549,外籍模特,,广州,176,84,61,89,,39,白色,蓝色,長发,,
143,5,2,J1015550,外籍模特,,广州,178,84,60,89,,39,黄色,棕色,長发,,
143,5,3,J1015551,外籍模特,,广州,177,83,61,89,,39,白色,棕色,長发,,
143,5,4,J1015552,外籍模特,,广州,173,82,61,88,,38,白色,蓝色,長发,,
144,1,1,J1015553,外籍模特,,广州,176,83,61,89,,39,白色,蓝色,長发,,
144,1,2,J1015554,外籍模特,,广州,174,84,62,90,,39,白色,蓝色,長发,,
144,1,3,J1015555,外籍模特,,广州,170,83,59,87,,37,白色,棕色,長发,,
144,1,4,J1015556,外籍模特,,广州,178,84,61,90,,40,白色,蓝色,長发,,
144,2,1,J1015557,外籍模特,,广州,177,85,60,89,,39,白色,蓝色,長发,,
144,2,2,J1015560,外籍模特,,广州,185,99,79,99,,44,白色,蓝色,短发,,
144,2,3,J1015561,外籍模特,,广州,184,95,76,91,,43,白色,棕色,短发,,
144,2,4,J1015562,外籍模特,,香港,188,100,82,94,,44,白色,蓝色,短发,,
144,3,1,J1015563,外籍模特,,广州,186,101,82,92,,44,白色,棕色,短发,,
144,3,2,J1015564,外籍模特,,上海,189,90,74,90,,44,白色,蓝色,短发,,
145,3,1,J1013935,外籍模特,,广州,175,88,60,90,,38,白色,棕色,長发,,
145,3,2,J1013936,外籍模特,,广州,175,81,60,90,,38,白色,绿色,長发,,
145,3,3,J1013937,外籍模特,,广州,175,86,58,89,,37,白色,绿色,長发,,
145,3,4,J1013939,外籍模特,,杭州,174,85,59,89,,39,白色,棕色,長发,,
145,4,1,J1013940,外籍模特,,杭州,175,86,61,89,,39,黄色,绿色,長发,,
145,4,2,J1013941,外籍模特,,香港,174,82,60,91,,40,黄色,棕色,長发,,
145,4,3,J1013942,外籍模特,,香港,178,89,89,91,,40,黄色,蓝色,長发,,
145,4,4,J1013943,外籍模特,,香港,178,88,60,88,,40,黄色,棕色,長发,,
145,5,1,J1013944,外籍模特,,香港,178,83,58,88,,38,白色,绿色,長发,,
145,5,2,J1013945,外籍模特,,香港,179,83,61,90,,39,白色,黑色,長发,,
145,5,3,J1013949,外籍模特,,广州,174,86,60,88,,39,白色,棕色,長发,,
145,5,4,J1013950,外籍模特,,香港,179,85,62,89,,39,白色,棕色,長发,,
146,1,1,J1013951,外籍模特,,香港,176,84,60,90,,38,白色,棕色,長发,,
146,1,2,J1013952,外籍模特,,香港,177,85,61,89,,38,白色,棕色,長发,,
146,1,3,J1013953,外籍模特,,香港,178,83,6,90,,38,白色,棕色,長发,,
146,1,4,J1013955,外籍模特,,广州,175,84,59,89,,39,白色,蓝色,長发,,
146,2,1,J1013956,外籍模特,,深圳,177,82,60,87,,39,白色,蓝色,長发,,
146,2,2,J1013957,外籍模特,,广州,176,84,60,90,,39,黄色,褐色,長发,,
146,2,3,J1013958,外籍模特,,深圳,176,85,60,89,,39,白色,蓝色,長发,,
146,2,4,J1013959,外籍模特,,广州,174,85,61,89,,38,黄色,褐色,長发,,
146,3,1,J1013962,外籍模特,,广州,176,85,59,90,,39,白色,棕色,長发,,
146,3,2,J1013963,外籍模特,,广州,175,87,61,89,,36,白色,棕色,長发,,
146,3,3,J1013965,外籍模特,,广州,177,83,59,89,,39,黄色,褐色,長发,,
146,3,4,J1013966,外籍模特,,广州,171,85,59,90,,37,白色,棕色,長发,,
146,4,1,J1013967,外籍模特,,广州,178,84,64,90,,39,黄色,蓝色,長发,,
146,4,2,J1013968,外籍模特,,广州,178,84,63,91,,38,黄色,褐色,長发,,
146,4,3,J1013969,外籍模特,,广州,174,82,61,88,,38,黄色,蓝色,長发,,
146,4,4,J1013970,外籍模特,,广州,175,84,61,90,,37,黄色,绿色,長发,,
146,5,1,J1013972,外籍模特,,香港,177,82,59,87,,39,黄色,棕色,長发,,
146,5,2,J1013973,外籍模特,,香港,185,105,83,105,,44,黄色,棕色,長发,,
146,5,3,J1013975,外籍模特,,香港,180,86,62,92,,39,黄色,灰色,長发,,
146,5,4,J1013976,外籍模特,,香港,174,82,60,91,,40,黄色,棕色,長发,,
147,1,1,J1013977,外籍模特,,香港,184,97,79,96,,40,黄色,棕色,長发,,
147,1,2,J1013978,外籍模特,,香港,188,97,83,99,,44,黄色,蓝色,長发,,
147,1,3,J1013979,外籍模特,,香港,185,100,83,94,,43,黄色,棕色,長发,,
147,1,4,J1013980,外籍模特,,香港,173,82,61,84,,38,黄色,棕色,長发,,
147,2,1,J1013981,外籍模特,,香港,170,84,62,88,,37,黄色,黑色,長发,,
147,2,2,J1013983,外籍模特,,香港,177,84,64,90,,40,黄色,绿色,長发,,
147,2,3,J1013984,外籍模特,,香港,189,97,82,94,,45,黄色,绿色,長发,,
147,2,4,J1013985,外籍模特,,杭州,175,87,61,87,,39,白色,棕色,長发,,
147,3,1,J1013986,外籍模特,,香港,175,80,60,89,,39,黄色,棕色,長发,,
147,3,2,J1013987,外籍模特,,杭州,173,82,58,87,,39,白色,棕色,長发,,
147,3,3,J1013988,外籍模特,,杭州,170,77,56,83,,38,白色,绿色,長发,,
147,3,4,J1013989,外籍模特,,香港,179,82,62,92,,39,黄色,褐色,長发,,
147,4,1,J1013990,外籍模特,,杭州,173,78,58,88,,38,黄色,褐色,長发,,
147,4,2,J1013993,外籍模特,,上海,186,98,79,96,,44,黄色,绿色,短发,,
147,4,3,J1013998,外籍模特,,厦门,174,84,60,87,,39,白色,蓝色,長发,,
147,4,4,J1013999,外籍模特,,厦门,172,84,60,90,,39,白色,绿色,長发,,
147,5,1,J1014000,外籍模特,,厦门,187,95,81,95,,42,白色,蓝色,短发,,
147,5,2,J1014001,外籍模特,,厦门,183,97,75,96,,42,白色,棕色,短发,,
147,5,3,J1014002,外籍模特,,厦门,187,100,80,97,,44,白色,棕色,短发,,
147,5,4,J1014003,外籍模特,,厦门,188,90,73,88,,45,白色,灰色,短发,,
148,1,1,J1014004,外籍模特,,厦门,188,93,73,97,,44,白色,绿色,短发,,
148,1,2,J1014005,外籍模特,,上海,174,84,59,89,,39,黄色,绿色,長发,,
148,1,3,J1014006,外籍模特,,厦门,173,86,61,89,,38,白色,棕色,長发,,
148,1,4,J1014007,外籍模特,,上海,176,84,59,90,,39,白色,蓝色,長发,,
148,2,1,J1014008,外籍模特,,上海,187,95,78,94,,44,黄色,棕色,短发,,
148,2,2,J1014009,外籍模特,,上海,188,98,79,97,,44,白色,棕色,短发,,
148,2,3,J1014010,外籍模特,,上海,178,82,59,88,,39,白色,棕色,長发,,
148,2,4,J1014012,外籍模特,,广州,174,85,60,90,,39,白色,蓝色,長发,,
148,3,1,J1014013,外籍模特,,上海,174,86,58,87,,39,白色,蓝色,長发,,
148,3,2,J1014014,外籍模特,,广州,173,88,58,89,,39,白色,蓝色,長发,,
148,3,3,J1014015,外籍模特,,广州,176,83,58,88,,38,白色,绿色,長发,,
148,3,4,J1014016,外籍模特,,广州,177,80,60,89,,39,白色,棕色,長发,,
148,4,1,J1014017,外籍模特,,深圳,174,83,61,90,,39,白色,蓝色,長发,,
148,4,2,J1014018,外籍模特,,上海,189,98,76,96,,44,白色,绿色,短发,,
148,4,3,J1014019,外籍模特,,上海,185,91,79,92,,42,白色,棕色,短发,,
148,4,4,J1014020,外籍模特,,上海,184,93,75,96,,43,白色,蓝色,短发,,
148,5,1,J1014021,外籍模特,,上海,188,98,78,97,,44,白色,棕色,短发,,
148,5,2,J1014022,外籍模特,,上海,187,99,74,99,,43,白色,棕色,短发,,
148,5,3,J1014023,外籍模特,,上海,188,100,76,100,,45,白色,蓝色,短发,,
148,5,4,J1014024,外籍模特,,上海,187,90,76,97,,43,白色,棕色,短发,,
149,1,1,J1014025,外籍模特,,上海,186,95,71,94,,44,白色,黑色,短发,,
149,1,2,J1014026,外籍模特,,上海,188,98,73,93,,43,白色,绿色,短发,,
149,1,3,J1014027,外籍模特,,上海,182,100,80,98,,43,白色,棕色,短发,,
149,1,4,J1014028,外籍模特,,上海,186,92,72,92,,44,白色,蓝色,短发,,
149,2,1,J1014029,外籍模特,,上海,185,93,75,93,,44,白色,棕色,短发,,
149,2,2,J1014030,外籍模特,,上海,188,98,76,95,,42,白色,棕色,短发,,
149,4,1,J1014045,外籍模特,,汕头,171,82,59,89,,39,白色,蓝色,長发,,
149,4,2,J1014046,外籍模特,,汕头,171,85,59,89,,39,白色,棕色,長发,,
149,4,3,J1014047,外籍模特,,汕头,183,100,82,97,,43,白色,蓝色,短发,,
149,4,4,J1014048,外籍模特,,汕头,173,88,60,89,,39,白色,棕色,長发,,
149,5,1,J1014049,外籍模特,,汕头,174,86,60,90,,38,白色,棕色,長发,,
149,5,2,J1014050,外籍模特,,汕头,186,98,76,96,,42,白色,棕色,短发,,
149,5,3,J1014051,外籍模特,,杭州,175,85,61,90,,38,白色,棕色,長发,,
149,5,4,J1014052,外籍模特,,杭州,176,85,60,90,,38,白色,绿色,長发,,
150,1,1,J1014053,外籍模特,,杭州,175,84,59,88,,38,白色,黑色,長发,,
150,1,2,J1014054,外籍模特,,杭州,176,82,61,90,,39,白色,棕色,長发,,
150,1,3,J1014055,外籍模特,,杭州,174,81,59,89,,39,白色,绿色,長发,,
150,1,4,J1014056,外籍模特,,杭州,175,86,59,90,,38,白色,棕色,長发,,
150,2,1,J1014057,外籍模特,,杭州,175,84,60,89,,39,白色,绿色,長发,,
150,2,2,J1014058,外籍模特,,杭州,173,85,60,89,,39,白色,绿色,長发,,
150,2,3,J1014092,外籍模特,,上海,174,84,60,89,,39,白色,绿色,長发,,
150,2,4,J1014093,外籍模特,,上海,176,84,60,89,,39,白色,蓝色,長发,,
150,3,1,J1014094,外籍模特,,上海,178,86,60,90,,39,白色,蓝色,長发,,
150,3,2,J1014095,外籍模特,,上海,174,84,59,89,,38,白色,蓝色,長发,,
150,5,1,J1014108,外籍模特,,广州,173,86,61,89,,38,白色,棕色,長发,,
150,5,2,J1014115,外籍模特,,深圳,187,95,77,94,,42,白色,棕色,短发,,
151,1,1,J1014485,外籍模特,,深圳,173,80,60,86,,38,白色,绿色,長发,,
151,1,2,J1014486,外籍模特,,深圳,178,86,60,87,,40,白色,蓝色,長发,,
151,1,3,J1014487,外籍模特,,深圳,177,87,61,90,0,40,白色,蓝色,長发,,
151,1,4,J1014488,外籍模特,,深圳,177,80,58,90,0,39,白色,蓝色,長发,,
151,2,1,J1014489,外籍模特,,深圳,176,82,61,90,0,40,白色,绿色,長发,,
151,2,2,J1014491,外籍模特,,深圳,175,83,59,89,0,38,白色,蓝色,長发,,
151,2,3,J1014492,外籍模特,,广州,178,83,60,90,0,40,白色,蓝色,長发,,
151,3,1,J1014513,外籍模特,,北京,184,100,81,96,0,44,白色,蓝色,短发,,
151,3,2,J1014514,外籍模特,,北京,188,101,81,97,0,43,白色,棕色,短发,,
151,3,3,J1014515,外籍模特,,北京,186,98,79,98,0,43,白色,棕色,短发,,
151,3,4,J1014516,外籍模特,,北京,184,100,81,97,0,44,白色,绿色,短发,,
151,4,1,J1014520,外籍模特,,广州,186,98,79,96,,43,白色,绿色,短发,,
151,4,2,J1014521,外籍模特,,广州,176,88,60,89,0,39,白色,棕色,長发,,
151,4,3,J1014527,外籍模特,,广州,174,85,60,86,,38,白色,蓝色,長发,,
151,4,4,J1014532,外籍模特,,广州,186,90,74,93,0,44,白色,蓝色,短发,,
151,5,1,J1014533,外籍模特,,广州,188,96,72,95,0,44,白色,棕色,短发,,
151,5,2,J1014535,外籍模特,,广州,186,99,78,98,0,43,白色,蓝色,短发,,
151,5,3,J1014536,外籍模特,,广州,186,100,78,98,0,44,白色,棕色,短发,,
151,5,4,J1014537,外籍模特,,广州,175,82,60,89,0,39,白色,蓝色,長发,,
152,1,1,J1014538,外籍模特,,广州,177,87,59,87,0,39,白色,绿色,長发,,
152,1,2,J1014539,外籍模特,,广州,187,103,78,96,0,43,白色,蓝色,短发,,
152,1,3,J1014540,外籍模特,,广州,175,88,63,91,0,39,白色,黑色,長发,,
152,1,4,J1014541,外籍模特,,广州,187,94,75,94,0,44,白色,蓝色,短发,,
152,2,1,J1014542,外籍模特,,广州,177,85,61,91,0,40,白色,棕色,長发,,
152,2,2,J1014543,外籍模特,,广州,184,99,76,95,0,43,白色,蓝色,短发,,
152,2,3,J1014555,外籍模特,,广州,172,83,60,90,0,38,白色,褐色,長发,,
152,2,4,J1014556,外籍模特,,广州,186,95,82,96,0,43,白色,褐色,短发,,
152,3,1,J1014557,外籍模特,,广州,188,98,83,97,0,44,白色,蓝色,短发,,
152,3,2,J1014558,外籍模特,,广州,178,84,60,90,0,40,白色,棕色,長发,,
152,3,3,J1014559,外籍模特,,广州,187,95,80,97,0,43,白色,蓝色,短发,,
152,3,4,J1014560,外籍模特,,广州,170,83,60,90,0,38,白色,蓝色,長发,,
152,4,1,J1014561,外籍模特,,广州,170,84,62,88,0,38,白色,褐色,長发,,
152,4,2,J1014562,外籍模特,,广州,174,82,60,89,0,38,白色,棕色,長发,,
152,4,3,J1014563,外籍模特,,广州,175,87,63,92,0,38,白色,棕色,長发,,
152,4,4,J1014564,外籍模特,,广州,187,98,82,96,0,43,白色,绿色,短发,,
152,5,1,J1014565,外籍模特,,广州,176,84,63,90,,40,白色,棕色,長发,,
152,5,2,J1014566,外籍模特,,广州,173,85,61,91,0,39,白色,蓝色,長发,,
152,5,3,J1014567,外籍模特,,广州,177,84,62,89,0,39,白色,蓝色,長发,,
152,5,4,J1014568,外籍模特,,广州,172,83,59,89,0,38,白色,蓝色,長发,,
153,1,1,J1014569,外籍模特,,广州,186,97,82,96,0,44,白色,褐色,短发,,
153,2,1,J1014401,外籍模特,,上海,177,84,58,88,0,39,白色,棕色,長发,,
153,2,2,J1014402,外籍模特,,上海,188,96,79,97,0,44,白色,绿色,短发,,
153,2,3,J1014403,外籍模特,,上海,186,95,79,96,0,44,白色,绿色,短发,,
153,2,4,J1014404,外籍模特,,上海,186,94,78,93,,44,白色,绿色,短发,,
153,3,1,J1014405,外籍模特,,上海,178,84,61,89,0,39,白色,棕色,長发,,
153,3,2,J1014406,外籍模特,,上海,175,86,61,90,0,39,黄色,棕色,長发,,
153,3,4,J1014354,外籍模特,,广州,188,92,74,93,0,45,白色,褐色,短发,,
153,4,1,J1014355,外籍模特,,广州,178,86,60,90,0,39,白色,褐色,長发,,
153,4,2,J1014356,外籍模特,,广州,188,97,76,97,0,47,白色,蓝色,短发,,
153,4,3,J1014363,外籍模特,,上海,175,85,61,89,0,38,白色,蓝色,長发,,
153,4,4,J1014364,外籍模特,,上海,189,93,76,94,0,45,白色,绿色,短发,,
153,5,1,J1014365,外籍模特,,上海,175,85,60,90,0,37,白色,绿色,長发,,
153,5,2,J1014366,外籍模特,,上海,177,86,61,91,0,39,白色,绿色,長发,,
153,5,3,J1014367,外籍模特,,上海,174,78,57,87,0,37,白色,蓝色,長发,,
153,5,4,J1014368,外籍模特,,上海,174,86,58,89,0,38,白色,棕色,長发,,
154,1,1,J1014369,外籍模特,,上海,173,79,59,88,0,38,白色,绿色,長发,,
154,1,2,J1014370,外籍模特,,上海,177,80,60,90,,39,白色,绿色,長发,,
154,1,3,J1014371,外籍模特,,上海,185,94,77,94,0,44,白色,绿色,短发,,
154,1,4,J1014192,外籍模特,,广州,178,88,62,90,0,40,白色,棕色,長发,,
154,3,4,J1014277,外籍模特,,广州,177,82,60,89,0,39,白色,褐色,長发,,
154,4,1,J1014278,外籍模特,,广州,184,99,76,95,0,43,白色,蓝色,短发,,
154,4,2,J1014252,外籍模特,,广州,172,84,61,90,,39,白色,褐色,長发,,
154,4,3,J1014232,外籍模特,,广州,185,97,76,95,,45,白色,褐色,短发,,
154,4,4,J1014233,外籍模特,,广州,186,95,76,95,0,44,白色,蓝色,短发,,
154,5,1,J1014234,外籍模特,,广州,186,98,78,96,0,44,白色,蓝色,短发,,
154,5,2,J1014235,外籍模特,,广州,176,88,61,88,0,39,白色,蓝色,長发,,
154,5,3,J1014236,外籍模特,,广州,172,80,60,88,0,38,白色,褐色,長发,,
154,5,4,J1014237,外籍模特,,广州,175,82,61,88,0,39,白色,蓝色,長发,,
155,1,1,J1014238,外籍模特,,广州,176,84,61,90,0,38,白色,绿色,長发,,
155,1,2,J1014239,外籍模特,,广州,187,93,73,98,0,44,白色,蓝色,短发,,
155,1,3,J1014240,外籍模特,,广州,175,85,61,89,0,38,白色,褐色,長发,,
155,1,4,J1014241,外籍模特,,广州,174,84,62,89,0,39,白色,绿色,長发,,
155,2,1,J1014242,外籍模特,,广州,186,102,85,101,0,44,白色,褐色,短发,,
155,3,1,J1014318,外籍模特,,广州,173,89,63,90,,39,黄色,黑色,長发,,
155,3,2,J1014319,外籍模特,,广州,174,82,60,86,,39,黄色,黑色,長发,,
155,4,3,J1013688,外籍模特,,北京,175,82,60,87,0,38,白色,褐色,長发,,
155,4,4,J1013691,外籍模特,,北京,177,80,61,90,0,39,黄色,棕色,長发,,
155,5,1,J1013692,外籍模特,,北京,177,85,60,90,0,39,黄色,棕色,長发,,
155,5,2,J1013693,外籍模特,,北京,176,85,56,87,,39,黄色,棕色,長发,,
155,5,3,J1013694,外籍模特,,北京,177,82,61,89,0,37,黄色,棕色,長发,,
155,5,4,J1013695,外籍模特,,北京,177,82,58,88,0,39,黄色,蓝色,長发,,
156,1,1,J1013696,外籍模特,,北京,178,83,60,90,,39,黄色,棕色,長发,,
156,1,2,J1013704,外籍模特,,北京,178,85,60,90,0,39,黄色,绿色,長发,,
156,1,3,J1013705,外籍模特,,北京,176,82,62,92,,38,黄色,蓝色,長发,,
156,1,4,J1013706,外籍模特,,北京,177,80,61,89,0,39,黄色,褐色,長发,,
156,2,1,J1013707,外籍模特,,北京,177,80,59,89,0,39,黄色,黑色,短发,,
156,2,2,J1013708,外籍模特,,北京,177,84,59,89,,39,白色,褐色,長发,,
156,2,3,J1013709,外籍模特,,北京,178,84,59,89,,39,黄色,棕色,長发,,
156,2,4,J1013710,外籍模特,,北京,178,85,60,90,0,39,黄色,蓝色,長发,,
156,3,1,J1013711,外籍模特,,北京,186,96,80,100,,43,黄色,棕色,長发,,
156,3,2,J1013714,外籍模特,,北京,188,100,85,100,0,42,黄色,棕色,短发,,
156,3,3,J1013715,外籍模特,,北京,187,95,80,90,0,43,黄色,绿色,短发,,
156,3,4,J1013716,外籍模特,,北京,185,90,75,94,0,43,黄色,棕色,長发,,
156,4,1,J1013717,外籍模特,,北京,187,100,83,100,0,43,黄色,棕色,短发,,
156,4,2,J1013718,外籍模特,,北京,188,91,76,93,0,42,黄色,棕色,短发,,
156,4,3,J1013719,外籍模特,,北京,187,94,81,95,0,44,黄色,棕色,短发,,
156,4,4,J1013720,外籍模特,,北京,188,92,77,96,0,44,白色,棕色,短发,,
156,5,1,J1013721,外籍模特,,北京,186,100,81,98,0,44,白色,绿色,短发,,
156,5,2,J1013722,外籍模特,,北京,184,102,83,98,0,43,黄色,棕色,短发,,
156,5,3,J1013723,外籍模特,,北京,188,99,85,100,0,42,黄色,褐色,短发,,
157,1,1,J1013519,外籍模特,,上海,175,86,60,87,,37,白色,绿色,長发,,
157,1,2,J1013520,外籍模特,,上海,173,84,60,90,,39,白色,蓝色,長发,,
157,1,3,J1013521,外籍模特,,上海,176,83,60,89,,38,白色,棕色,長发,,
157,1,4,J1013522,外籍模特,,上海,176,87,60,89,,37,白色,蓝色,長发,,
157,2,1,J1013523,外籍模特,,上海,178,86,60,89,,39,白色,棕色,長发,,
157,2,2,J1013524,外籍模特,,上海,178,86,60,89,,40,白色,棕色,長发,,
157,2,3,J1013525,外籍模特,,上海,173,86,59,88,,37,白色,棕色,長发,,
157,2,4,J1013526,外籍模特,,上海,178,85,62,93,,38,白色,棕色,長发,,
157,3,1,J1013527,外籍模特,,广州,185,97,82,99,,43,黑色,黑色,短发,,
157,3,2,J1013547,外籍模特,,广州,177,87,60,90,,37.5,白色,蓝色,長发,,
157,3,3,J1013513,外籍模特,,广州,183,96,76,97,,44,白色,蓝色,短发,,
157,4,2,J1013569,外籍模特,,广州,173,88,62,98,0,38,黄色,蓝色,長发,,
157,4,3,J1013570,外籍模特,,广州,175,84,60,88,0,38,黄色,褐色,長发,,
157,4,4,J1013571,外籍模特,,广州,174,84,59,89,,39,白色,蓝色,長发,,
157,5,1,J1013572,外籍模特,,广州,176,85,60,90,0,39,白色,褐色,長发,,
157,5,2,J1013573,外籍模特,,广州,175,89,65,89,0,38,白色,褐色,長发,,
157,5,3,J1013583,外籍模特,,广州,174,85,68,90,0,39,黄色,棕色,長发,,
157,5,4,J1013584,外籍模特,,广州,186,102,81,94,0,45,白色,褐色,短发,,
158,1,1,J1013585,外籍模特,,香港,177,83,63,90,0,37,白色,褐色,長发,,
158,1,2,J1013586,外籍模特,,广州,178,100,93,101,50,43,白色,棕色,短发,,
158,3,3,J1013604,外籍模特,,广州,172,87,60,90,,39,黄色,褐色,長发,,
158,3,4,J1013605,外籍模特,,广州,178,83,60,89,,39,黄色,蓝色,長发,,
158,4,1,J1013606,外籍模特,,广州,175,86,60,89,,39,白色,褐色,長发,,
158,4,2,J1013608,外籍模特,,广州,173,82,60,90,,37,白色,蓝色,長发,,
158,4,3,J1013609,外籍模特,,广州,176,83,60,90,0,39,白色,棕色,長发,,
158,4,4,J1013610,外籍模特,,广州,176,83,66,89,,39,白色,棕色,長发,,
158,5,1,J1013611,外籍模特,,广州,175,82,60,90,0,39,黄色,棕色,長发,,
158,5,2,J1013614,外籍模特,,广州,172,83,58,89,0,38,黄色,棕色,長发,,
158,5,3,J1013615,外籍模特,,厦门,177,86,59,87,,38,白色,棕色,長发,,
158,5,4,J1013619,外籍模特,,厦门,186,97,78,97,0,44,白色,褐色,長发,,
159,1,1,J1013620,外籍模特,,厦门,186,96,78,98,,44,白色,棕色,長发,,
159,1,2,J1013621,外籍模特,,广州,174,86,62,93,0,38,白色,棕色,長发,,
159,1,3,J1013634,外籍模特,,上海,178,84,62,88,,39,白色,绿色,長发,,
159,1,4,J1013635,外籍模特,,上海,176,85,60,90,,39,黄色,棕色,長发,,
159,2,1,J1013636,外籍模特,,上海,172,83,60,88,,38,黄色,棕色,長发,,
159,2,2,J1013639,外籍模特,,上海,173,87,59,89,,39,白色,棕色,長发,,
159,2,3,J1013640,外籍模特,,上海,173,79,58,87,,39,白色,蓝色,長发,,
159,2,4,J1013641,外籍模特,,上海,174,83,61,88,,38,白色,蓝色,長发,,
159,3,1,J1013642,外籍模特,,上海,174,81,59,85,,38,白色,绿色,長发,,
159,3,2,J1013643,外籍模特,,上海,175,85,61,89,,39,白色,蓝色,長发,,
159,3,3,J1013644,外籍模特,,上海,174,81,61,86,,38,白色,棕色,長发,,
159,3,4,J1013645,外籍模特,,上海,172,82,59,88,,38,白色,棕色,長发,,
159,4,1,J1013646,外籍模特,,上海,176,79,62,88,,39,黄色,蓝色,長发,,
159,4,2,J1013647,外籍模特,,上海,176,75,59,86,,38,白色,蓝色,長发,,
159,4,3,J1013649,外籍模特,,上海,177,86,63,89,,40,白色,棕色,長发,,
159,4,4,J1013650,外籍模特,,上海,175,83,61,90,,40,黄色,蓝色,長发,,
159,5,1,J1013651,外籍模特,,上海,175,80,59,86,,39,白色,蓝色,長发,,
159,5,2,J1013652,外籍模特,,上海,179,87,64,93,,41,黄色,棕色,長发,,
159,5,3,J1013653,外籍模特,,上海,174,79,56,85,,38,黄色,绿色,長发,,
159,5,4,J1013656,外籍模特,,上海,174,80,58,85,,38,白色,绿色,長发,,
160,1,1,J1013657,外籍模特,,上海,180,84,62,92,,39,白色,棕色,長发,,
160,1,2,J1013658,外籍模特,,上海,178,84,61,91,,39,黄色,绿色,長发,,
160,1,3,J1013659,外籍模特,,上海,174,84,64,87,,39,白色,棕色,長发,,
160,1,4,J1013660,外籍模特,,上海,175,85,64,87,,39,白色,棕色,長发,,
160,2,1,J1013661,外籍模特,,上海,173,76,59,88,,38,黄色,蓝色,長发,,
160,2,2,J1013663,外籍模特,,上海,174,81,60,89,,39,白色,棕色,長发,,
160,2,3,J1013665,外籍模特,,上海,179,84,62,92,,39,白色,棕色,長发,,
160,2,4,J1013666,外籍模特,,上海,174,80,60,87,,38,白色,棕色,長发,,
160,3,1,J1013667,外籍模特,,上海,173,80,60,87,,39,白色,蓝色,長发,,
160,3,2,J1013668,外籍模特,,上海,178,79,59,88,,37,白色,绿色,長发,,
160,3,3,J1013669,外籍模特,,上海,175,87,63,89,,39,白色,蓝色,長发,,
160,4,4,J1013289,外籍模特,,广州,188,79,99,97,,43,白色,褐色,短发,,
160,5,3,J1013421,外籍模特,,上海,178,84,60,89,,39,白色,绿色,長发,,
160,5,4,J1013422,外籍模特,,上海,177,83,60,90,,39,白色,蓝色,長发,,
161,1,1,J1013423,外籍模特,,上海,174,83,60,90,,39,白色,绿色,長发,,
161,1,3,J1013411,外籍模特,,广州,175,82,59,90,,38,白色,绿色,長发,,
161,1,4,J1013412,外籍模特,,广州,174,85,61,91,,38,白色,绿色,長发,,
161,2,2,J1013320,外籍模特,,广州,178,80,62,89,,40,白色,绿色,長发,,
161,2,3,J1013321,外籍模特,,深圳,177,84,61,90,,39,白色,绿色,長发,,
161,2,4,J1013322,外籍模特,,深圳,179,85,62,90,,40,白色,绿色,長发,,
161,3,1,J1013323,外籍模特,,广州,175,82,60,88,,38,白色,蓝色,長发,,
161,3,2,J1013324,外籍模特,,广州,172,82,59,88,,38,白色,蓝色,長发,,
161,3,3,J1013325,外籍模特,,广州,175,84,61,90,,39,白色,褐色,長发,,
161,3,4,J1013326,外籍模特,,广州,175,80,60,89,,39,白色,绿色,長发,,
161,4,1,J1013328,外籍模特,,广州,175,81,60,87,,39,白色,绿色,長发,,
161,4,2,J1013329,外籍模特,,广州,175,83,61,89,,39,白色,蓝色,長发,,
161,4,3,J1013330,外籍模特,,广州,176,83,60,87,,38,白色,绿色,長发,,
161,4,4,J1013331,外籍模特,,广州,172,83,63,86,,36,白色,褐色,長发,,
161,5,1,J1013332,外籍模特,,广州,186,90,74,90,,42,白色,褐色,短发,,
161,5,2,J1013333,外籍模特,,广州,186,95,77,99,,44,白色,褐色,長发,,
161,5,3,J1013336,外籍模特,,广州,174,86,61,90,,39,白色,绿色,長发,,
161,5,4,J1013337,外籍模特,,广州,174,83,59,88,,37,白色,绿色,長发,,
162,1,1,J1013338,外籍模特,,广州,176,86,60,88,,38,白色,蓝色,長发,,
162,1,2,J1013339,外籍模特,,香港,172,86,62,86,,38,黄色,棕色,長发,,
162,1,3,J1013340,外籍模特,,香港,175,86,62,89,,39,黄色,黑色,長发,,
162,1,4,J1013341,外籍模特,,广州,173,89,63,92,,37,白色,棕色,長发,,
162,2,1,J1013342,外籍模特,,广州,173,79,60,89,,38,白色,蓝色,長发,,
162,2,2,J1013343,外籍模特,,广州,176,86,62,90,,38,白色,绿色,長发,,
162,2,3,J1013344,外籍模特,,广州,173,83,60,90,,38,白色,棕色,長发,,
162,2,4,J1013345,外籍模特,,广州,174,84,61,91,,38,白色,绿色,長发,,
162,3,1,J1013346,外籍模特,,广州,176,86,60,89,,38,白色,棕色,長发,,
162,3,2,J1013347,外籍模特,,广州,172,83,60,88,,37,白色,棕色,長发,,
162,3,3,J1013348,外籍模特,,广州,173,83,60,89,,39,白色,绿色,長发,,
162,3,4,J1013349,外籍模特,,广州,176,85,60,87,,38,白色,棕色,長发,,
162,4,1,J1013350,外籍模特,,广州,175,85,60,89,,39,白色,蓝色,長发,,
162,4,2,J1013351,外籍模特,,广州,186,98,76,96,,42,白色,棕色,短发,,
162,4,3,J1013352,外籍模特,,上海,185,102,78,98,,43,白色,灰色,短发,,
162,4,4,J1013353,外籍模特,,广州,184,98,80,96,,44,白色,棕色,短发,,
162,5,1,J1013354,外籍模特,,广州,187,98,78,95,,43,白色,棕色,短发,,
162,5,2,J1013356,外籍模特,,深圳,176,84,61,87,,39,白色,棕色,長发,,
162,5,3,J1013357,外籍模特,,广州,174,84,89,85,,39,白色,棕色,長发,,
162,5,4,J1013358,外籍模特,,广州,188,93,74,95,,44,白色,绿色,短发,,
163,1,1,J1013359,外籍模特,,广州,185,100,80,99,,44,白色,绿色,短发,,
163,1,2,J1013360,外籍模特,,广州,172,86,60,86,,37,白色,绿色,長发,,
163,1,3,J1013361,外籍模特,,上海,187,95,77,96,,44,白色,棕色,短发,,
163,1,4,J1013362,外籍模特,,广州,187,93,74,95,,44,白色,蓝色,短发,,
163,2,2,J1013304,外籍模特,,广州,186,97,80,96,,43,白色,褐色,短发,,
163,2,3,J1013305,外籍模特,,广州,174,88,61,88,,38,白色,棕色,長发,,
163,2,4,J1013307,外籍模特,,广州,185,100,81,102,,43,白色,棕色,短发,,
163,3,1,J1013308,外籍模特,,广州,175,88,61,92,,38,白色,棕色,長发,,
163,3,2,J1013309,外籍模特,,广州,174,88,61,91,,39,黄色,绿色,長发,,
163,3,3,J1013311,外籍模特,,广州,175,80,58,88,,38,白色,绿色,長发,,
163,3,4,J1013312,外籍模特,,广州,174,85,60,90,,38,白色,蓝色,中发,,
163,4,1,J1013313,外籍模特,,深圳,177,82,60,89,,38,白色,绿色,短发,,
163,4,2,J1013314,外籍模特,,广州,186,100,81,94,,43,白色,棕色,短发,,
163,4,3,J1013315,外籍模特,,广州,187,98,78,98,,43,白色,棕色,短发,,
163,4,4,J1013316,外籍模特,,上海,177,86,60,90,,39,黄色,蓝色,長发,,
163,5,2,J1013239,外籍模特,,广州,183,98,78,98,,43,白色,棕色,短发,,
163,5,3,J1013240,外籍模特,,广州,184,100,78,95,,43,白色,棕色,短发,,
163,5,4,J1013243,外籍模特,,广州,178,84,62,89,,39,白色,棕色,長发,,
164,1,1,J1013244,外籍模特,,广州,188,99,76,94,,45,白色,蓝色,長发,,
164,1,2,J1013245,外籍模特,,广州,176,83,61,90,,39,白色,蓝色,長发,,
164,1,3,J1013246,外籍模特,,广州,175,82,62,90,,39,白色,棕色,長发,,
164,1,4,J1013247,外籍模特,,广州,177,85,60,90,,39,白色,绿色,長发,,
164,2,1,J1013250,外籍模特,,广州,174,84,60,89,,39,白色,褐色,長发,,
164,2,2,J1013251,外籍模特,,广州,174,84,58,86,,36,白色,棕色,長发,,
164,2,3,J1013252,外籍模特,,广州,176,87,60,90,,39,白色,绿色,長发,,
164,2,4,J1013253,外籍模特,,广州,172,84,62,89,,37,白色,褐色,長发,,
164,3,1,J1013254,外籍模特,,广州,176,90,62,91,,40,白色,褐色,長发,,
164,3,2,J1013255,外籍模特,,广州,174,86,60,90,,39,白色,蓝色,長发,,
164,3,3,J1013256,外籍模特,,广州,177,89,60,90,,39,白色,褐色,長发,,
164,3,4,J1013257,外籍模特,,广州,175,84,60,90,,39,白色,褐色,長发,,
164,4,1,J1013258,外籍模特,,广州,185,96,82,100,,42,白色,褐色,長发,,
164,4,2,J1013259,外籍模特,,广州,187,92,80,97,,44,白色,褐色,短发,,
164,4,3,J1013260,外籍模特,,广州,183,97,81,98,,40,白色,棕色,長发,,
164,4,4,J1013262,外籍模特,,广州,171,76,60,87,,39,白色,绿色,長发,,
164,5,1,J1013263,外籍模特,,广州,172,84,61,86,,38,白色,绿色,長发,,
164,5,2,J1013264,外籍模特,,广州,173,89,61,88,,39,白色,棕色,長发,,
164,5,3,J1013265,外籍模特,,广州,174,88,64,91,,38,白色,褐色,長发,,
164,5,4,J1013266,外籍模特,,广州,174,90,62,90,,39,白色,棕色,長发,,
165,1,1,J1013267,外籍模特,,广州,175,84,62,90,,39,白色,棕色,長发,,
165,1,2,J1013268,外籍模特,,广州,173,80,60,86,,39,白色,绿色,長发,,
165,1,3,J1013269,外籍模特,,广州,176,77,59,85,,38,白色,绿色,長发,,
165,1,4,J1013229,外籍模特,,广州,186,93,79,93,,45,白色,蓝色,短发,,
165,2,1,J1013230,外籍模特,,广州,188,96,76,97,,44,白色,蓝色,短发,,
165,2,2,J1013231,外籍模特,,广州,188,94,81,93,,44,白色,蓝色,短发,,
165,2,3,J1013233,外籍模特,,广州,170,83,60,91,,38,白色,棕色,長发,,
165,3,1,J1013235,外籍模特,,广州,177,84,60,91,,38,白色,绿色,長发,,
165,3,2,J1013237,外籍模特,,广州,180,99,78,94,,43,白色,蓝色,長发,,
165,3,3,J1013190,外籍模特,,广州,177,89,64,90,,38,白色,绿色,長发,,
165,3,4,J1013191,外籍模特,,广州,177,85,60,90,,39,白色,褐色,長发,,
165,4,1,J1013192,外籍模特,,广州,182,87,60,90,,40,白色,绿色,長发,,
165,4,2,J1013219,外籍模特,,广州,179,80,60,88,,38,白色,蓝色,長发,,
165,4,3,J1013220,外籍模特,,广州,174,80,59,86,,38,白色,蓝色,長发,,
165,4,4,J1013221,外籍模特,,广州,179,80,58,87,,38,白色,棕色,長发,,
165,5,1,J1013222,外籍模特,,广州,179,83,62,92,,40,白色,棕色,長发,,
165,5,2,J1013224,外籍模特,,广州,187,94,74,94,,45,白色,蓝色,短发,,
165,5,3,J1013225,外籍模特,,广州,186,96,78,96,,44,白色,蓝色,中发,,
165,5,4,J1013137,外籍模特,,广州,187,102,80,90,,44,白色,蓝色,短发,,
166,1,1,J1013141,外籍模特,,广州,175,86,61,91,,39,白色,蓝色,長发,,
166,1,2,J1013142,外籍模特,,广州,175,85,61,88,,39,白色,蓝色,長发,,
166,1,3,J1013145,外籍模特,,广州,183,107,85,99,,44,白色,蓝色,短发,,
166,3,3,J1013065,外籍模特,,深圳,175,84,60,89,,39,白色,蓝色,長发,,
166,3,4,J1013070,外籍模特,,广州,176,84,59,89,,39,白色,蓝色,長发,,
166,4,3,J1012869,外籍模特,,广州,186,96,80,95,,41,黄色,蓝色,短发,,
166,5,3,J1012907,外籍模特,,广州,170,85,61,90,0,38,黄色,黑色,長发,,
166,5,4,J1012908,外籍模特,,广州,178,85,61,89,,39,黄色,黑色,長发,,
167,1,1,J1012910,外籍模特,,广州,178,85,61,88,,38,黄色,黑色,長发,,
167,1,2,J1012911,外籍模特,,广州,172,82,60,88,,38,黄色,黑色,長发,,
167,1,3,J1012901,外籍模特,,上海,185,94,76,93,,43,白色,蓝色,短发,,
167,1,4,J1012902,外籍模特,,上海,188,100,78,98,,44,白色,绿色,短发,,
167,2,1,J1012903,外籍模特,,上海,185,96,73,95,,44,白色,棕色,短发,,
167,2,2,J1012904,外籍模特,,上海,186,96,78,94,,42,白色,蓝色,短发,,
167,3,1,J1012989,外籍模特,,上海,172,83,60,90,,39,白色,黑色,長发,,
167,3,2,J1012990,外籍模特,,上海,178,84,60,89,,39,白色,棕色,長发,,
167,3,3,J1012991,外籍模特,,上海,174,81,59,89,,38,白色,棕色,長发,,
167,3,4,J1012992,外籍模特,,上海,176,82,60,88,,39,白色,棕色,長发,,
167,4,1,J1012993,外籍模特,,上海,177,86,60,90,,39,白色,绿色,長发,,
167,4,2,J1012994,外籍模特,,上海,177,85,60,90,,38,白色,棕色,長发,,
167,4,3,J1012995,外籍模特,,上海,175,83,61,88,,37,白色,蓝色,長发,,
167,4,4,J1012996,外籍模特,,上海,173,82,62,87,,38,白色,绿色,長发,,
167,5,1,J1012997,外籍模特,,上海,177,87,60,91,,39,白色,蓝色,長发,,
167,5,2,J1012998,外籍模特,,上海,175,86,64,87,,37,白色,蓝色,長发,,
167,5,3,J1012999,外籍模特,,上海,174,84,59,88,,38,白色,蓝色,長发,,
167,5,4,J1013000,外籍模特,,上海,177,84,59,89,,39,黄色,棕色,長发,,
168,1,1,J1013001,外籍模特,,上海,176,87,60,89,,37,白色,蓝色,長发,,
168,1,2,J1013002,外籍模特,,上海,174,78,58,89,,38,白色,蓝色,長发,,
168,1,3,J1013003,外籍模特,,上海,170,82,61,87,,38,白色,棕色,長发,,
168,1,4,J1013004,外籍模特,,上海,172,83,59,88,,38,白色,蓝色,長发,,
168,2,1,J1013005,外籍模特,,上海,176,87,60,89,,37,白色,蓝色,長发,,
168,2,2,J1013006,外籍模特,,上海,173,82,61,89,,37,白色,蓝色,長发,,
168,2,3,J1013007,外籍模特,,上海,173,86,60,90,,38,白色,棕色,長发,,
168,2,4,J1013008,外籍模特,,上海,176,84,59,86,,38,白色,蓝色,長发,,
168,3,1,J1013009,外籍模特,,上海,175,85,60,88,,38,白色,蓝色,長发,,
168,3,2,J1013010,外籍模特,,上海,176,84,60,90,,39,白色,蓝色,長发,,
168,3,3,J1013011,外籍模特,,上海,174,82,62,90,,39,白色,棕色,長发,,
168,3,4,J1013012,外籍模特,,上海,175,85,60,90,,39,白色,棕色,長发,,
168,4,1,J1013013,外籍模特,,上海,173,83,62,90,,39,白色,灰色,長发,,
168,4,2,J1013014,外籍模特,,上海,178,78,60,88,,39,白色,蓝色,長发,,
168,4,3,J1013015,外籍模特,,上海,175,80,58,86,,38,白色,棕色,長发,,
168,4,4,J1013016,外籍模特,,上海,175,84,61,88,,39,白色,灰色,長发,,
168,5,1,J1013017,外籍模特,,上海,178,86,62,90,,38,白色,棕色,長发,,
168,5,2,J1013018,外籍模特,,上海,175,84,61,88,,39,白色,棕色,長发,,
168,5,3,J1013019,外籍模特,,上海,176,84,60,87,,39,白色,蓝色,長发,,
168,5,4,J1013020,外籍模特,,上海,178,84,62,90,,39,白色,蓝色,長发,,
169,1,1,J1013021,外籍模特,,上海,174,84,58,87,,37,白色,蓝色,長发,,
169,1,2,J1013022,外籍模特,,上海,176,85,61,89,,39,白色,棕色,長发,,
169,1,3,J1013023,外籍模特,,上海,176,85,60,90,,39,白色,棕色,長发,,
169,1,4,J1013024,外籍模特,,上海,175,86,60,91,,39,白色,绿色,長发,,
169,2,2,J1013027,外籍模特,,广州,169,78,59,88,,38,白色,褐色,長发,,
169,2,3,J1012873,外籍模特,,广州,189,95,77,98,,44,白色,棕色,短发,,
169,2,4,J1012874,外籍模特,,上海,186,100,78,98,,44,白色,蓝色,短发,,
169,3,1,J1012875,外籍模特,,广州,188,90,74,90,,42,白色,棕色,短发,,
169,3,2,J1012876,外籍模特,,上海,185,95,70,89,,44,白色,蓝色,短发,,
169,3,3,J1012877,外籍模特,,上海,185,99,78,93,,42,白色,绿色,短发,,
169,3,4,J1012878,外籍模特,,上海,188,97,77,98,,43,白色,棕色,短发,,
169,4,1,J1012879,外籍模特,,上海,188,100,81,96,,43,白色,棕色,短发,,
169,4,2,J1012880,外籍模特,,上海,186,98,76,96,,42,白色,棕色,短发,,
169,4,3,J1012881,外籍模特,,上海,187,99,81,98,,43,黄色,蓝色,短发,,
169,4,4,J1012882,外籍模特,,上海,186,97,75,95,,44,白色,蓝色,短发,,
169,5,1,J1012883,外籍模特,,上海,187,95,77,94,,44,白色,蓝色,短发,,
169,5,2,J1012884,外籍模特,,上海,186,96,74,96,,43,白色,绿色,短发,,
169,5,3,J1012885,外籍模特,,广州,184,97,82,95,,43,白色,蓝色,短发,,
169,5,4,J1012886,外籍模特,,上海,183,94,80,92,,43,白色,黑色,短发,,
170,1,1,J1012887,外籍模特,,上海,180,94,80,92,,43,白色,黑色,短发,,
170,1,2,J1012888,外籍模特,,上海,185,96,81,89,,43,白色,绿色,短发,,
170,1,3,J1012889,外籍模特,,上海,188,98,76,97,,43,白色,棕色,短发,,
170,1,4,J1012891,外籍模特,,上海,175,86,60,91,,38,白色,棕色,長发,,
170,2,1,J1012892,外籍模特,,上海,174,84,58,88,,39,白色,蓝色,長发,,
170,2,2,J1012893,外籍模特,,上海,186,88,68,86,,42,白色,蓝色,短发,,
170,2,3,J1012894,外籍模特,,上海,175,82,60,87,,38,白色,蓝色,長发,,
170,2,4,J1012895,外籍模特,,上海,188,97,86,99,,44,白色,蓝色,短发,,
170,3,1,J1012896,外籍模特,,上海,188,96,80,95,,44,白色,棕色,短发,,
170,3,2,J1012897,外籍模特,,上海,188,97,79,98,,44,白色,棕色,短发,,
170,4,3,J1012920,外籍模特,,上海,187,101,80,96,,44,白色,棕色,短发,,
170,4,4,J1012921,外籍模特,,广州,175,84,60,87,,39,白色,棕色,長发,,
170,5,1,J1012924,外籍模特,,上海,183,98,75,93,,42,白色,黑色,短发,,
170,5,2,J1012925,外籍模特,,上海,187,89,77,90,,43,白色,绿色,短发,,
170,5,3,J1012926,外籍模特,,上海,185,100,78,98,,42,白色,棕色,短发,,
170,5,4,J1012927,外籍模特,,上海,188,97,75,92,,43,白色,棕色,短发,,
171,1,1,J1012928,外籍模特,,上海,188,98,76,97,,43,白色,棕色,短发,,
171,1,2,J1012929,外籍模特,,上海,186,97,76,97,,44,白色,棕色,短发,,
171,1,3,J1012930,外籍模特,,广州,186,99,78,95,,42,白色,绿色,短发,,
171,1,4,J1012931,外籍模特,,上海,187,95,74,96,,44,白色,绿色,短发,,
171,2,1,J1012932,外籍模特,,上海,186,98,80,96,,44,白色,蓝色,短发,,
171,2,2,J1012936,外籍模特,,上海,175,84,60,87,,38,白色,棕色,長发,,
171,2,3,J1012937,外籍模特,,上海,175,85,61,90,,38,白色,绿色,長发,,
171,2,4,J1012938,外籍模特,,上海,176,86,60,90,,39,白色,绿色,長发,,
171,3,1,J1012939,外籍模特,,上海,175,84,60,89,,38,白色,棕色,短发,,
171,3,2,J1012940,外籍模特,,上海,177,81,58,88,,39,白色,棕色,長发,,
171,3,3,J1012941,外籍模特,,上海,178,86,60,89,,39,白色,棕色,長发,,
171,3,4,J1012942,外籍模特,,上海,175,84,60,90,,37,白色,棕色,長发,,
171,4,1,J1012943,外籍模特,,上海,173,82,61,89,,38,白色,棕色,長发,,
171,4,2,J1012944,外籍模特,,上海,174,85,60,89,,38,白色,棕色,長发,,
171,4,3,J1012945,外籍模特,,上海,175,84,59,88,,39,白色,绿色,長发,,
171,4,4,J1012946,外籍模特,,上海,179,86,61,91,,39,白色,绿色,長发,,
171,5,1,J1012947,外籍模特,,上海,175,81,60,90,,37,白色,棕色,長发,,
171,5,2,J1012948,外籍模特,,上海,177,87,60,90,,39,白色,棕色,長发,,
171,5,3,J1012949,外籍模特,,上海,172,83,60,89,,39,白色,蓝色,長发,,
171,5,4,J1012951,外籍模特,,上海,175,84,60,88,,37,白色,棕色,長发,,
172,1,1,J1012952,外籍模特,,上海,174,82,62,88,,38,白色,绿色,長发,,
172,1,2,J1012953,外籍模特,,上海,175,83,61,89,,39,白色,棕色,長发,,
172,1,3,J1012954,外籍模特,,上海,175,83,61,90,,38,白色,蓝色,長发,,
172,1,4,J1012955,外籍模特,,上海,177,85,61,89,,39,白色,棕色,長发,,
172,2,1,J1012956,外籍模特,,上海,177,84,62,92,,39,白色,棕色,長发,,
172,2,2,J1012957,外籍模特,,上海,175,84,54,88,,38,白色,棕色,長发,,
172,2,3,J1012958,外籍模特,,上海,174,80,59,88,,38,白色,棕色,長发,,
172,2,4,J1012959,外籍模特,,上海,176,85,60,87,,36,白色,棕色,長发,,
172,3,1,J1012960,外籍模特,,上海,175,86,60,89,,37,白色,绿色,長发,,
172,3,2,J1012961,外籍模特,,上海,179,82,62,94,,39,白色,棕色,長发,,
172,3,3,J1012962,外籍模特,,上海,175,83,59,88,,39,白色,蓝色,長发,,
172,3,4,J1012963,外籍模特,,上海,178,86,62,92,,39,白色,蓝色,長发,,
172,4,1,J1012964,外籍模特,,上海,175,84,60,88,,39,白色,棕色,長发,,
172,4,2,J1012965,外籍模特,,上海,174,85,65,90,,39,白色,棕色,長发,,
172,4,3,J1012970,外籍模特,,上海,171,81,58,87,,38,白色,棕色,長发,,
172,4,4,J1012971,外籍模特,,上海,176,84,58,86,,39,白色,棕色,短发,,
172,5,1,J1012972,外籍模特,,上海,178,82,60,88,,39,白色,蓝色,短发,,
172,5,2,J1012973,外籍模特,,上海,171,82,60,89,,37,白色,棕色,長发,,
172,5,3,J1012974,外籍模特,,上海,176,85,60,90,,39,白色,蓝色,長发,,
172,5,4,J1012975,外籍模特,,上海,176,81,61,89,,39,白色,棕色,長发,,
173,1,1,J1012976,外籍模特,,上海,179,83,60,88,,39,白色,棕色,長发,,
173,1,2,J1012977,外籍模特,,北京,174,81,58,88,,37,白色,棕色,長发,,
173,1,3,J1012978,外籍模特,,上海,173,81,63,88,,39,白色,棕色,長发,,
173,1,4,J1012979,外籍模特,,上海,174,79,60,88,,37,白色,棕色,長发,,
173,2,1,J1012980,外籍模特,,上海,175,83,59,89,,39,白色,棕色,長发,,
173,2,2,J1012983,外籍模特,,上海,170,80,60,87,,39,白色,蓝色,長发,,
173,2,3,J1012984,外籍模特,,上海,175,85,60,90,,39,白色,蓝色,長发,,
173,2,4,J1012985,外籍模特,,上海,174,88,60,89,,37,白色,蓝色,長发,,
173,3,1,J1012986,外籍模特,,上海,176,83,58,89,,39,白色,绿色,長发,,
173,3,2,J1012987,外籍模特,,上海,173,83,60,89,,38,白色,绿色,長发,,
173,3,3,J1012771,外籍模特,,深圳,174,85,60,90,,38,白色,绿色,長发,,
173,3,4,J1012772,外籍模特,,广州,177,88,61,91,,39,黄色,蓝色,長发,,
173,4,1,J1012773,外籍模特,,广州,179,90,63,93,,40,黄色,蓝色,長发,,
173,4,2,J1012776,外籍模特,,广州,174,85,59,89,,40,白色,棕色,長发,,
173,4,3,J1012777,外籍模特,,广州,176,83,60,90,,39,白色,绿色,長发,,
173,5,1,J1012745,外籍模特,,广州,178,81,61,86,,38,黄色,黑色,長发,,
173,5,2,J1012786,外籍模特,,广州,175,86,60,90,,38,白色,棕色,長发,,
173,5,4,J1012790,外籍模特,,广州,165,75,60,88,,37,黄色,黑色,長发,,
174,1,1,J1012791,外籍模特,,广州,168,75,60,89,,37,黄色,黑色,長发,,
174,1,2,J1012792,外籍模特,,广州,181,103,83,99,,40,白色,黑色,長发,,
174,1,3,J1012793,外籍模特,,广州,174,86,60,90,,38,白色,棕色,長发,,
174,1,4,J1012760,外籍模特,,广州,173,85,63,93,,39,白色,棕色,長发,,
174,2,1,J1012732,外籍模特,,广州,188,100,80,93,,43,白色,蓝色,短发,,
174,2,3,J1012649,外籍模特,,广州,177,86,60,89,,40,黄色,棕色,長发,,
174,3,2,J1012662,外籍模特,,广州,175,85,60,90,,38,白色,棕色,長发,,
174,4,1,J1012567,外籍模特,,广州,169,34,24,34,,37,黄色,黑色,長发,,
174,4,2,J1012569,外籍模特,,广州,175,86,61,90,,40,白色,灰色,長发,,
174,4,3,J1012570,外籍模特,,广州,177,84,60,90,,40,黄色,绿色,長发,,
174,4,4,J1012571,外籍模特,,深圳,178,84,60,89,,38,黄色,棕色,長发,,
174,5,1,J1012572,外籍模特,,广州,177,88,62,90,,38,白色,褐色,長发,,
174,5,2,J1012573,外籍模特,,广州,174,85,61,88,,39,黄色,棕色,長发,,
174,5,3,J1012575,外籍模特,,广州,184,95,82,95,,43,白色,褐色,短发,,
174,5,4,J1012576,外籍模特,,广州,184,96,80,96,,43,黄色,蓝色,中发,,
175,1,1,J1012578,外籍模特,,广州,173,84,63,91,,40,黄色,褐色,長发,,
175,1,2,J1012579,外籍模特,,广州,175,88,62,91,,39,黄色,褐色,長发,,
175,1,3,J1012580,外籍模特,,广州,173,82,60,88,,37,白色,绿色,長发,,
175,1,4,J1012581,外籍模特,,广州,172,82,59,88,,38,黄色,绿色,長发,,
175,2,1,J1012582,外籍模特,,广州,173,83,62,90,,39,黄色,褐色,長发,,
175,2,2,J1012583,外籍模特,,广州,178,85,62,92,,38,黄色,褐色,長发,,
175,2,3,J1012584,外籍模特,,广州,171,81,61,88,,38,黄色,褐色,長发,,
175,2,4,J1012585,外籍模特,,广州,176,86,62,91,,39,黄色,褐色,長发,,
175,3,1,J1012586,外籍模特,,广州,176,81,61,90,,39,黄色,褐色,長发,,
175,3,2,J1012587,外籍模特,,广州,174,84,63,89,,39,黄色,褐色,長发,,
175,3,3,J1012588,外籍模特,,广州,171,81,57,87,,39,黄色,蓝色,長发,,
175,3,4,J1012589,外籍模特,,广州,187,98,79,99,,43,黄色,褐色,短发,,
175,4,1,J1012590,外籍模特,,广州,187,104,79,98,,43,黄色,蓝色,短发,,
175,4,2,J1012591,外籍模特,,广州,175,84,62,89,,38,黄色,绿色,長发,,
175,4,3,J1012592,外籍模特,,广州,173,83,60,90,,38,黄色,棕色,長发,,
175,4,4,J1012593,外籍模特,,广州,175,84,59,89,,39,黄色,绿色,長发,,
175,5,1,J1012595,外籍模特,,广州,172,84,61,88,,38,黄色,蓝色,長发,,
175,5,2,J1012596,外籍模特,,香港,185,105,83,105,,44,黄色,深啡,短发,,
175,5,3,J1012598,外籍模特,,香港,178,82,60,90,,39,黄色,绿色,長发,,
175,5,4,J1012600,外籍模特,,香港,178,85,61,90,,39,黄色,绿色,長发,,
176,1,1,J1012601,外籍模特,,香港,176,83,59,88,,39,黄色,深啡,長发,,
176,1,2,J1012602,外籍模特,,香港,172,87,61,89,,38,黄色,棕色,長发,,
176,1,3,J1012603,外籍模特,,香港,166,84,62,91,,38,黄色,蓝色,長发,,
176,1,4,J1012604,外籍模特,,香港,180,82,62,91,,39,黄色,棕色,長发,,
176,2,1,J1012606,外籍模特,,香港,179,81,61,91,,39,黄色,棕色,長发,,
176,2,2,J1012609,外籍模特,,香港,191,93,83,99,,43,黄色,深啡,短发,,
176,2,3,J1012610,外籍模特,,香港,187,99,83,97,,43,黄色,棕色,中发,,
176,2,4,J1012611,外籍模特,,香港,185,90,83,93,,43,黄色,深啡,短发,,
176,3,1,J1012612,外籍模特,,香港,190,90,71,91,,43,黄色,蓝色,短发,,
176,3,2,J1012613,外籍模特,,广州,176,82,59,86,,39,黄色,褐色,長发,,
176,3,3,J1012614,外籍模特,,深圳,175,78,59,87,,38,黄色,棕色,長发,,
176,3,4,J1012615,外籍模特,,广州,174,79,58,87,,39,黄色,棕色,長发,,
176,4,1,J1012617,外籍模特,,深圳,178,84,62,90,,40,黄色,绿色,長发,,
176,4,2,J1012618,外籍模特,,深圳,178,82,62,89,,40,黄色,蓝色,長发,,
176,4,3,J1012620,外籍模特,,深圳,178,85,60,88,,40,黄色,蓝色,長发,,
176,4,4,J1012622,外籍模特,,广州,184,100,83,97,,43,白色,灰色,短发,,
176,5,1,J1012626,外籍模特,,香港,178,83,55,84,,39,白色,棕色,長发,,
176,5,2,J1012627,外籍模特,,香港,175,82,61,86,,39,黄色,绿色,長发,,
176,5,3,J1012628,外籍模特,,香港,178,88,63,92,,39,白色,棕色,長发,,
176,5,4,J1012629,外籍模特,,香港,178,85,60,90,,39,黄色,棕色,長发,,
177,1,1,J1012418,外籍模特,,香港,175,80,61,89,,39,白色,绿色,長发,,
177,1,2,J1012419,外籍模特,,香港,175,80,86,89,,39,黄色,棕色,長发,,
177,1,3,J1012421,外籍模特,,广州,170,84,61,86,,38,黄色,绿色,長发,,
177,1,4,J1012426,外籍模特,,深圳,174,84,60,88,,38,白色,绿色,長发,,
177,2,1,J1012428,外籍模特,,深圳,178,89,60,90,,39,黄色,棕色,長发,,
177,2,2,J1012429,外籍模特,,深圳,177,85,61,89,,39,黄色,绿色,長发,,
177,5,3,J1012535,外籍模特,,广州,175,86,59,90,,40,白色,黑色,長发,,
177,5,4,J1012536,外籍模特,,广州,173,85,60,90,,39,黄色,黑色,長发,,
178,2,2,J1012518,外籍模特,,广州,188,103,78,94,,44,白色,棕色,短发,,
178,2,4,J1011922,外籍模特,,广州,172,82,60,87,,39,白色,褐色,長发,,
178,3,1,J1011923,外籍模特,,广州,170,82,60,88,,39,白色,蓝色,長发,,
178,3,2,J1011924,外籍模特,,广州,175,88,62,90,,39,白色,蓝色,長发,,
178,3,3,J1011925,外籍模特,,广州,188,95,78,93,,45,白色,褐色,中发,,
178,3,4,J1011927,外籍模特,,广州,173,84,60,89,,39,白色,蓝色,長发,,
178,4,2,J1011971,外籍模特,,香港,179,89,62,90,,40,白色,棕色,長发,,
178,4,3,J1011972,外籍模特,,广州,173,86,61,89,,38,白色,棕色,長发,,
178,4,4,J1011977,外籍模特,,深圳,171,82,60,90,,38,白色,绿色,長发,,
178,5,1,J1011980,外籍模特,,深圳,175,86,61,89,,39,黄色,棕色,長发,,
178,5,2,J1011981,外籍模特,,香港,181,85,62,91,,39,白色,棕色,長发,,
178,5,3,J1011982,外籍模特,,香港,183,96,77,95,,42,白色,棕色,短发,,
178,5,4,J1011983,外籍模特,,香港,180,84,61,88,,40,白色,蓝色,長发,,
179,1,1,J1011984,外籍模特,,香港,183,85,61,90,,40,白色,蓝色,長发,,
179,1,2,J1011985,外籍模特,,香港,186,97,80,95,,44,白色,蓝色,短发,,
179,1,3,J1011986,外籍模特,,香港,178,87,61,90,,39,白色,绿色,長发,,
179,1,4,J1011987,外籍模特,,香港,178,86,62,90,,39,白色,棕色,長发,,
179,2,1,J1011990,外籍模特,,广州,175,86,62,93,,39,白色,蓝色,長发,,
179,2,2,J1011991,外籍模特,,广州,174,91,61,91,,39,白色,棕色,長发,,
179,2,3,J1011992,外籍模特,,广州,172,83,61,90,,39,白色,棕色,長发,,
179,2,4,J1011993,外籍模特,,广州,173,83,60,89,,38,白色,蓝色,長发,,
179,3,1,J1011994,外籍模特,,广州,171,81,61,89,,39,白色,褐色,長发,,
179,3,2,J1011995,外籍模特,,北京,184,100,82,97,,44,白色,绿色,短发,,
179,3,3,J1011997,外籍模特,,广州,172,85,61,89,,38,白色,蓝色,長发,,
179,3,4,J1011998,外籍模特,,广州,172,80,59,88,,39,白色,蓝色,長发,,
179,4,1,J1012002,外籍模特,,广州,186,95,80,96,,41,白色,绿色,短发,,
179,4,2,J1012003,外籍模特,,广州,169,83,60,90,,37,黄色,褐色,長发,,
179,4,3,J1012004,外籍模特,,广州,173,80,59,90,,37,白色,棕色,長发,,
179,4,4,J1012005,外籍模特,,广州,175,80,60,89,,39,白色,绿色,長发,,
179,5,1,J1012006,外籍模特,,广州,177,87,62,90,,39,白色,棕色,長发,,
179,5,2,J1012007,外籍模特,,广州,183,100,80,93,,43,白色,蓝色,短发,,
179,5,4,J1012010,外籍模特,,广州,170,83,61,91,,39,白色,褐色,長发,,
180,1,1,J1012011,外籍模特,,广州,181,100,82,95,,43,白色,蓝色,短发,,
180,1,2,J1012012,外籍模特,,广州,176,83,62,91,,39,白色,褐色,長发,,
180,1,4,J1011638,外籍模特,,北京,186,98,80,98,,44,白色,棕色,長发,,
180,2,1,J1011639,外籍模特,,北京,177,82,60,89,,38,白色,绿色,長发,,
180,2,2,J1011645,外籍模特,,广州,186,100,80,96,,44,白色,褐色,短发,,
180,2,3,J1011654,外籍模特,,广州,177,87,61,89,0,39,白色,棕色,長发,,
180,2,4,J1011655,外籍模特,,北京,188,97,74,95,0,44,白色,绿色,短发,,
180,3,1,J1011656,外籍模特,,北京,188,91,72,92,0,43,白色,棕色,短发,,
180,3,2,J1011657,外籍模特,,北京,176,83,60,88,0,36,白色,棕色,長发,,
180,3,3,J1011658,外籍模特,,北京,176,83,61,90,0,39,白色,蓝色,長发,,
180,3,4,J1011660,外籍模特,,北京,176,83,61,89,0,39,白色,棕色,長发,,
180,4,1,J1011661,外籍模特,,北京,188,103,82,101,0,43,白色,绿色,短发,,
180,4,2,J1011664,外籍模特,,广州,185,94,74,95,0,43,白色,棕色,短发,,
180,4,4,J1011452,外籍模特,,深圳,175,84,59,89,0,39,白色,蓝色,長发,,
180,5,1,J1011458,外籍模特,,广州,186,98,78,97,0,43,黄色,蓝色,長发,,
180,5,2,J1011460,外籍模特,,深圳,176,84,59,90,0,38,黄色,蓝色,長发,,
180,5,3,J1011461,外籍模特,,深圳,177,84,60,89,0,39,黄色,棕色,長发,,
180,5,4,J1011463,外籍模特,,深圳,175,83,60,84,0,37,白色,蓝色,長发,,
181,2,4,J1011668,外籍模特,,深圳,176,83,60,90,0,39,白色,蓝色,長发,,
181,3,2,J1011687,外籍模特,,广州,176,84,60,90,0,38,白色,蓝色,長发,,
181,3,3,J1011553,外籍模特,,广州,176,82,60,88,,38,黄色,棕色,長发,,
181,3,4,J1011555,外籍模特,,广州,176,80,61,88,,39,白色,灰色,長发,,
181,4,1,J1011556,外籍模特,,广州,178,80,62,89,,39,白色,绿色,長发,,
181,4,2,J1011558,外籍模特,,广州,177,89,63,91,,39,黄色,蓝色,長发,,
181,4,3,J1011561,外籍模特,,广州,177,86,60,89,,39,黄色,棕色,長发,,
181,4,4,J1011562,外籍模特,,深圳,176,85,60,90,,39,白色,棕色,長发,,
181,5,1,J1011563,外籍模特,,广州,172,83,62,90,,37,白色,棕色,長发,,
181,5,2,J1011564,外籍模特,,广州,177,80,60,90,,39,白色,褐色,長发,,
181,5,3,J1011565,外籍模特,,广州,176,84,60,89,,38,白色,蓝色,長发,,
181,5,4,J1011566,外籍模特,,广州,177,86,60,90,,39,白色,棕色,長发,,
182,1,1,J1011568,外籍模特,,广州,176,84,60,90,,39,黄色,蓝色,長发,,
182,1,2,J1011569,外籍模特,,广州,175,82,59,88,,39,白色,绿色,長发,,
182,1,3,J1011570,外籍模特,,上海,187,100,76,98,0,44,黄色,棕色,長发,,
182,1,4,J1011571,外籍模特,,北京,176,85,60,89,,40,白色,褐色,長发,,
182,2,1,J1011572,外籍模特,,上海,185,100,82,100,0,43,白色,棕色,短发,,
182,2,2,J1011573,外籍模特,,广州,175,82,60,89,,38,白色,蓝色,長发,,
182,2,3,J1011574,外籍模特,,上海,186,92,76,96,0,43,黄色,绿色,長发,,
182,2,4,J1011575,外籍模特,,上海,188,100,78,97,0,45,黄色,绿色,長发,,
182,3,1,J1011576,外籍模特,,上海,186,99,80,99,0,43,黄色,棕色,長发,,
182,3,2,J1011577,外籍模特,,上海,188,99,78,97,0,44,白色,棕色,長发,,
182,3,3,J1011578,外籍模特,,上海,188,100,78,97,0,45,白色,绿色,長发,,
182,3,4,J1011579,外籍模特,,广州,186,101,82,98,,44,白色,棕色,長发,,
182,4,1,J1011580,外籍模特,,上海,190,92,79,96,0,44,白色,棕色,長发,,
182,4,2,J1011581,外籍模特,,广州,187,100,80,97,,43,白色,棕色,長发,,
182,4,3,J1011582,外籍模特,,上海,186,98,79,94,0,44,白色,棕色,長发,,
182,4,4,J1011583,外籍模特,,广州,186,100,84,100,,45,白色,绿色,短发,,
182,5,1,J1011584,外籍模特,,上海,185,97,72,91,0,43,白色,棕色,長发,,
182,5,2,J1011585,外籍模特,,上海,185,97,79,95,0,44,白色,棕色,短发,,
182,5,3,J1011586,外籍模特,,上海,188,97,77,96,0,44,白色,蓝色,短发,,
182,5,4,J1011588,外籍模特,,上海,186,100,78,96,0,44,白色,绿色,短发,,
183,1,1,J1011589,外籍模特,,上海,189,98,77,99,0,43,白色,棕色,短发,,
183,1,2,J1011590,外籍模特,,上海,186,94,72,96,0,43,白色,蓝色,短发,,
183,1,3,J1011591,外籍模特,,上海,188,96,78,98,0,44,白色,棕色,短发,,
183,1,4,J1011592,外籍模特,,上海,187,95,85,90,0,44,白色,蓝色,短发,,
183,2,1,J1011593,外籍模特,,上海,184,100,78,98,0,41,白色,蓝色,短发,,
183,2,2,J1011594,外籍模特,,上海,188,96,74,96,0,44,白色,绿色,短发,,
183,2,3,J1011595,外籍模特,,上海,185,97,74,96,0,42,白色,棕色,短发,,
183,2,4,J1011596,外籍模特,,上海,185,99,70,96,0,44,白色,蓝色,短发,,
183,3,1,J1011597,外籍模特,,上海,186,92,74,99,0,42,白色,绿色,短发,,
183,3,2,J1011598,外籍模特,,上海,189,99,70,96,0,44,白色,蓝色,短发,,
183,3,3,J1011599,外籍模特,,上海,185,101,82,97,0,43,白色,绿色,短发,,
183,3,4,J1011601,外籍模特,,上海,187,100,76,96,0,43,白色,蓝色,短发,,
183,4,1,J1011602,外籍模特,,上海,187,86,70,95,0,44,白色,绿色,短发,,
183,4,2,J1011603,外籍模特,,广州,187,100,75,94,0,42,白色,棕色,短发,,
183,4,3,J1011605,外籍模特,,上海,183,100,80,98,0,43,白色,绿色,短发,,
183,4,4,J1011606,外籍模特,,上海,188,99,76,103,0,44,白色,棕色,短发,,
183,5,1,J1011607,外籍模特,,上海,185,103,82,99,0,44,白色,棕色,短发,,
183,5,2,J1011608,外籍模特,,上海,182,94,80,92,0,43,白色,黑色,短发,,
183,5,3,J1011609,外籍模特,,上海,186,89,76,98,0,44,白色,棕色,短发,,
183,5,4,J1011610,外籍模特,,上海,184,86,70,89,0,44,白色,蓝色,短发,,
184,1,1,J1011614,外籍模特,,上海,188,90,79,96,0,43,白色,棕色,短发,,
184,1,2,J1011615,外籍模特,,上海,187,89,82,88,0,44,白色,棕色,短发,,
184,1,3,J1011616,外籍模特,,上海,186,88,76,93,0,44,白色,棕色,短发,,
184,1,4,J1011617,外籍模特,,上海,186,97,76,97,0,43,白色,棕色,短发,,
184,2,1,J1011618,外籍模特,,上海,187,95,76,91,0,43,白色,蓝色,短发,,
184,2,2,J1011619,外籍模特,,上海,188,97,82,98,0,43,白色,棕色,短发,,
184,2,3,J1011620,外籍模特,,上海,184,100,88,96,,44,白色,棕色,長发,,
184,2,4,J1011622,外籍模特,,上海,175,85,59,90,,39,白色,绿色,長发,,
184,3,1,J1011623,外籍模特,,上海,177,84,60,90,,39,黄色,棕色,長发,,
184,3,2,J1011624,外籍模特,,上海,175,86,60,90,,39,白色,蓝色,長发,,
184,3,3,J1011625,外籍模特,,上海,177,85,60,90,,39,白色,蓝色,長发,,
184,3,4,J1011626,外籍模特,,上海,177,84,60,90,,39,白色,蓝色,長发,,
184,4,1,J1011627,外籍模特,,深圳,173,84,60,89,,39,白色,绿色,長发,,
184,4,2,J1012024,外籍模特,,北京,177,88,60,90,,39,白色,棕色,長发,,
184,4,3,J1012025,外籍模特,,上海,177,85,60,90,,39,白色,棕色,長发,,
184,4,4,J1012026,外籍模特,,北京,179,86,60,89,,40,白色,棕色,長发,,
184,5,1,J1012029,外籍模特,,北京,178,84,60,90,,39,白色,绿色,長发,,
184,5,2,J1012030,外籍模特,,北京,176,86,61,88,,37,白色,绿色,長发,,
184,5,3,J1012031,外籍模特,,北京,176,85,60,88,,38,白色,灰色,長发,,
184,5,4,J1012032,外籍模特,,北京,175,83,60,90,,39,白色,绿色,長发,,
185,1,1,J1012033,外籍模特,,北京,177,88,60,89,,39,白色,灰色,長发,,
185,1,3,J1011861,外籍模特,,广州,173,85,60,90,1,39,白色,棕色,長发,,
185,2,2,J1011799,外籍模特,,上海,173,86,59,89,0,39,白色,绿色,長发,,
185,3,3,J1011730,外籍模特,,广州,173,76,58,83,,38,白色,褐色,長发,,
185,3,4,J1011740,外籍模特,,广州,174,82,58,88,,38,白色,褐色,長发,,
185,4,3,J1011804,外籍模特,,广州,175,89,61,85,0,38,白色,褐色,長发,,
185,4,4,J1011812,Yulia M,,,女,,,,86-59-89,0,39,黄色,,高中以下,,
185,5,1,J1011813,Ola,,,女,,,,84-61-90,0,39,白色,,高中以下,,
185,5,2,J1011814,Irina,,,女,,,,84-60-90,0,39,白色,,高中以下,,
185,5,3,J1011815,Xandrina,,,女,,,,82-60-90,0,40,白色,,高中以下,,
185,5,4,J1011816,Marianne,,,女,,,,89-60-90,0,39,白色,,高中以下,,
186,1,2,J1011819,外籍模特,,广州,174,89,61,89,0,36,黄色,黑色,長发,,
186,1,3,J1011820,外籍模特,,广州,175,84,60,90,,38,白色,蓝色,長发,,
186,3,1,J1012091,外籍模特,,广州,187,100,80,96,,43,白色,褐色,短发,,
186,3,3,J1012096,外籍模特,,广州,184,98,74,95,,42,白色,褐色,長发,,
186,3,4,J1012098,外籍模特,,广州,186,98,78,98,,43,白色,褐色,短发,,
186,4,1,J1012099,外籍模特,,广州,184,98,79,94,,43,白色,褐色,短发,,
186,4,2,J1012101,外籍模特,,香港,183,95,64,91,,43,白色,褐色,短发,,
186,4,3,J1012102,外籍模特,,香港,184,99,81,93,,44,白色,褐色,短发,,
186,4,4,J1012103,外籍模特,,香港,188,97,83,99,,44,白色,蓝色,短发,,
186,5,1,J1012105,外籍模特,,广州,186,101,80,97,,43,白色,蓝色,短发,,
186,5,3,J1011881,外籍模特,,广州,183,96,73,93,,41,黄色,黑色,短发,,
187,1,2,J1012047,外籍模特,,深圳,177,84,61,91,,39,白色,绿色,長发,,
187,2,1,J1012075,外籍模特,,广州,175,84,58,87,,39,白色,绿色,長发,,
187,2,2,J1012076,外籍模特,,广州,173,80,58,83,,38,白色,蓝色,長发,,
187,2,3,J1012077,外籍模特,,广州,187,95,77,99,,43,白色,褐色,短发,,
187,2,4,J1012078,外籍模特,,广州,185,98,83,99,,44,白色,绿色,短发,,
187,3,1,J1012174,外籍模特,,广州,184,96,80,93,0,43,白色,棕色,短发,,
187,3,2,J1012175,外籍模特,,广州,187,98,80,94,,43,白色,绿色,短发,,
187,3,3,J1012176,外籍模特,,广州,183,92,76,99,,44,白色,绿色,短发,,
187,3,4,J1012177,外籍模特,,广州,183,98,79,97,,44,白色,褐色,短发,,
187,4,1,J1012178,外籍模特,,广州,183,102,83,100,,44,白色,褐色,短发,,
187,4,2,J1012179,外籍模特,,广州,184,100,82,96,,43,白色,蓝色,短发,,
187,4,3,J1012182,外籍模特,,广州,182,97,82,94,,43,白色,蓝色,短发,,
187,4,4,J1012183,外籍模特,,广州,187,99,80,97,,45,白色,褐色,短发,,
187,5,1,J1012184,外籍模特,,广州,185,98,82,99,,44,白色,绿色,短发,,
187,5,2,J1012185,外籍模特,,广州,187,91,74,96,,44,白色,蓝色,短发,,
187,5,3,J1012186,外籍模特,,广州,186,95,80,97,,43,白色,褐色,短发,,
187,5,4,J1012187,外籍模特,,广州,185,100,79,96,,44,白色,褐色,短发,,
188,1,1,J1012188,外籍模特,,广州,185,94,79,97,,43,白色,褐色,短发,,
188,1,2,J1012189,外籍模特,,广州,186,97,76,94,,42,白色,绿色,短发,,
188,1,4,J1012216,外籍模特,,广州,184,100,80,94,0,43,白色,棕色,短发,,
188,2,1,J1012217,外籍模特,,广州,186,95,81,94,,43,白色,绿色,短发,,
188,2,2,J1012218,外籍模特,,广州,188,91,81,95,0,45,白色,蓝色,短发,,
188,2,3,J1012219,外籍模特,,广州,185,94,79,94,,45,白色,蓝色,短发,,
188,2,4,J1012220,外籍模特,,香港,177,81,60,85,0,40,黄色,黑色,長发,,
188,3,1,J1012222,外籍模特,,香港,176,80,55,85,0,39,白色,深啡,短发,,
188,3,2,J1012223,外籍模特,,香港,180,86,60,89,0,39,白色,棕色,長发,,
188,3,3,J1012231,外籍模特,,香港,180,87,60,90,,40,黄色,棕色,長发,,
188,3,4,J1012232,外籍模特,,香港,179,84,60,90,,39,白色,绿色,長发,,
188,4,1,J1012233,外籍模特,,香港,179,86,60,88,,39,白色,蓝色,長发,,
188,4,2,J1012234,外籍模特,,香港,179,83,60,89,,40,白色,棕色,長发,,
188,4,3,J1012235,外籍模特,,广州,175,84,60,89,0,39,白色,绿色,長发,,
188,4,4,J1012236,外籍模特,,广州,175,82,59,88,,38,白色,棕色,長发,,
188,5,1,J1012237,外籍模特,,香港,175,83,60,90,,40,白色,灰色,長发,,
188,5,2,J1012238,外籍模特,,香港,172,83,64,89,,38,白色,蓝色,長发,,
188,5,3,J1012239,外籍模特,,香港,170,83,59,88,,39,白色,蓝色,長发,,
188,5,4,J1012240,外籍模特,,香港,176,83,59,88,,39,黄色,黑色,長发,,
189,1,1,J1012241,外籍模特,,香港,175,82,59,91,,39,白色,棕色,長发,,
189,1,2,J1012242,外籍模特,,香港,176,79,59,87,,38,黄色,黑色,長发,,
189,1,4,J1012343,外籍模特,,香港,183,101,83,102,,45,白色,绿色,短发,,
189,2,1,J1012344,外籍模特,,香港,168,83,62,89,,38,白色,褐色,長发,,
189,2,2,J1012345,外籍模特,,广州,175,83,60,90,,39,白色,蓝色,長发,,
189,3,1,J1012320,外籍模特,,汕头,185,97,72,94,,44,白色,棕色,短发,,
189,3,2,J1012296,外籍模特,,广州,174,85,60,89,,39,白色,棕色,長发,,
189,3,3,J1012297,外籍模特,,广州,178,82,59,89,,39,白色,蓝色,長发,,
189,3,4,J1012298,外籍模特,,深圳,175,86,61,89,,39,白色,棕色,長发,,
189,4,1,J1012299,外籍模特,,深圳,174,78,57,86,,38,白色,绿色,長发,,
189,4,2,J1012300,外籍模特,,深圳,179,85,59,89,,39,白色,绿色,長发,,
189,4,3,J1012301,外籍模特,,深圳,176,84,59,90,,39,白色,绿色,長发,,
189,4,4,J1012302,外籍模特,,深圳,174,82,60,90,,39,黄色,黑色,長发,,
190,1,3,J1012284,外籍模特,,杭州,176,88,62,88,,39,白色,棕色,長发,,
190,1,4,J1012286,外籍模特,,杭州,177,82,57,89,,38,白色,黑色,長发,,
190,2,1,J1012287,外籍模特,,杭州,175,82,61,88,,39,白色,绿色,長发,,
190,4,3,J1011344,外籍模特,,上海,174,88,62,90,,38,白色,褐色,長发,,
190,4,4,J1011349,外籍模特,,广州,185,98,76,95,,43,白色,蓝色,短发,,
191,3,1,J1011509,外籍模特,,香港,176,81,61,94,0,38,黄色,棕色,長发,,
191,3,2,J1011510,外籍模特,,广州,188,97,76,91,0,43,黄色,黑色,長发,,
191,3,3,J1011511,外籍模特,,广州,179,84,64,91,0,39,黄色,棕色,長发,,
191,3,4,J1011512,外籍模特,,广州,177,83,61,88,0,39,黄色,棕色,長发,,
191,4,1,J1011513,外籍模特,,广州,168,0,0,0,,0,黄色,黑色,長发,,
191,4,2,J1011515,外籍模特,,广州,179,88,60,90,0,39,黄色,棕色,長发,,
191,4,3,J1011518,外籍模特,,深圳,178,84,60,89,,39,白色,棕色,長发,,
191,4,4,J1011519,外籍模特,,杭州,186,100,82,97,0,43,黄色,黑色,長发,,
191,5,1,J1011520,外籍模特,,杭州,187,101,80,98,0,44,黄色,棕色,長发,,
191,5,2,J1011521,外籍模特,,杭州,188,98,79,96,0,43,黄色,棕色,長发,,
191,5,3,J1011522,外籍模特,,广州,188,103,82,95,0,43,黄色,棕色,長发,,
191,5,4,J1011523,外籍模特,,杭州,185,100,78,79,0,44,黄色,棕色,長发,,
192,1,1,J1011524,外籍模特,,杭州,188,101,78,98,0,44,黄色,棕色,長发,,
192,1,2,J1011525,外籍模特,,杭州,187,100,76,98,0,44,黄色,棕色,長发,,
192,1,3,J1011526,外籍模特,,杭州,183,90,70,93,0,43,黄色,棕色,長发,,
192,1,4,J1011527,外籍模特,,广州,188,99,76,94,0,44,黄色,蓝色,中发,,
192,2,1,J1011528,外籍模特,,杭州,184,95,73,93,0,43,黄色,棕色,長发,,
192,2,2,J1011529,外籍模特,,杭州,187,98,78,97,0,42,黄色,棕色,長发,,
192,2,3,J1011530,外籍模特,,杭州,186,98,78,96,0,44,黄色,棕色,長发,,
192,2,4,J1011531,外籍模特,,杭州,183,98,75,93,0,42,黄色,黑色,長发,,
192,3,1,J1011532,外籍模特,,广州,175,80,60,89,,40,白色,蓝色,長发,,
192,3,2,J1011533,外籍模特,,杭州,185,93,77,93,0,44,黄色,棕色,長发,,
192,3,3,J1011534,外籍模特,,杭州,188,99,81,96,0,44,黄色,棕色,長发,,
192,3,4,J1011535,外籍模特,,杭州,187,102,77,95,0,44,黄色,棕色,長发,,
192,4,1,J1011536,外籍模特,,杭州,178,82,60,89,0,39,黄色,棕色,長发,,
192,4,2,J1011537,外籍模特,,广州,175,86,60,90,,39,白色,褐色,長发,,
192,4,3,J1011538,外籍模特,,杭州,173,84,60,90,0,39,黄色,蓝色,長发,,
192,4,4,J1011539,外籍模特,,杭州,174,86,60,90,0,38,黄色,蓝色,長发,,
192,5,1,J1011540,外籍模特,,杭州,173,85,59,88,0,38,黄色,棕色,長发,,
192,5,2,J1011541,外籍模特,,杭州,173,82,60,88,0,39,黄色,棕色,長发,,
192,5,3,J1011542,外籍模特,,杭州,173,87,56,87,0,38,黄色,绿色,長发,,
192,5,4,J1011543,外籍模特,,杭州,179,85,60,89,0,39,黄色,棕色,長发,,
193,1,1,J1011544,外籍模特,,杭州,175,84,60,90,0,39,黄色,棕色,長发,,
193,1,2,J1011545,外籍模特,,香港,188,94,77,90,,42,白色,绿色,長发,,
193,1,3,J1011546,外籍模特,,杭州,175,85,62,90,0,39,黄色,棕色,長发,,
193,1,4,J1011547,外籍模特,,杭州,175,85,60,90,0,38,黄色,棕色,長发,,
193,2,1,J1011548,外籍模特,,杭州,174,88,60,89,0,39,黄色,蓝色,長发,,
193,2,2,J1011550,外籍模特,,广州,175,78,59,88,,39,白色,棕色,長发,,
193,2,3,J1011551,外籍模特,,广州,173,87,61,90,,39,白色,棕色,長发,,
193,2,4,J1011479,外籍模特,,深圳,177,86,60,87,,39,白色,棕色,長发,,
193,3,1,J1011480,外籍模特,,深圳,175,83,59,89,,40,白色,绿色,長发,,
193,3,2,J1011484,外籍模特,,广州,175,85,62,89,,38,白色,褐色,長发,,
193,3,3,J1011485,外籍模特,,广州,174,89,58,89,,38,白色,绿色,長发,,
193,3,4,J1011486,外籍模特,,广州,175,85,58,88,,38,黄色,绿色,長发,,
193,4,1,J1011487,外籍模特,,广州,175,88,62,91,0,38,黄色,绿色,長发,,
193,4,2,J1011488,外籍模特,,广州,177,85,62,88,,39,白色,绿色,長发,,
193,4,3,J1011489,外籍模特,,广州,175,84,61,89,0,39,黄色,棕色,長发,,
193,4,4,J1011490,外籍模特,,汕头,181,96,77,93,0,43,黄色,棕色,長发,,
193,5,1,J1011491,外籍模特,,汕头,184,100,78,96,0,42,黄色,绿色,長发,,
193,5,2,J1011492,外籍模特,,广州,185,96,78,99,,43,白色,绿色,長发,,
193,5,3,J1011493,外籍模特,,广州,172,86,61,90,0,39,白色,蓝色,長发,,
193,5,4,J1011494,外籍模特,,汕头,175,86,60,90,0,38,黄色,绿色,長发,,
194,1,1,J1011496,外籍模特,,广州,174,84,58,86,0,36,黄色,棕色,長发,,
194,1,2,J1011497,外籍模特,,广州,177,84,61,90,0,38,黄色,褐色,長发,,
194,1,3,J1011498,外籍模特,,广州,180,88,60,90,0,39,黄色,绿色,長发,,
194,1,4,J1011501,外籍模特,,汕头,172,84,60,89,,38,白色,绿色,長发,,
194,2,1,J1011503,外籍模特,,汕头,173,87,60,90,0,38,黄色,绿色,長发,,
194,2,2,J1011505,外籍模特,,汕头,173,86,60,91,0,38,黄色,棕色,長发,,
194,2,3,J1011506,外籍模特,,汕头,175,85,60,90,0,38,黄色,棕色,長发,,
194,3,4,J1011428,外籍模特,,深圳,174,84,59,89,,39,白色,绿色,長发,,
194,4,2,J1011413,外籍模特,,广州,176,85,61,90,,39,白色,蓝色,長发,,
